Species 1,Species 2,Dist,Std. Err
BBOWC216-11|Allonemobius fasciatus|COI-5P|KM534562,FBORT332-10|Chorthippus albomarginatus|COI-5P|HM902097,0.3206,0.0748
BBOWC216-11|Allonemobius fasciatus|COI-5P|KM534562,FBORT554-13|Chorthippus biguttulus|COI-5P|NA,0.3382,0.0782
FBORT332-10|Chorthippus albomarginatus|COI-5P|HM902097,FBORT554-13|Chorthippus biguttulus|COI-5P|NA,0.0849,0.0248
BBOWC216-11|Allonemobius fasciatus|COI-5P|KM534562,ANBIO142-19|Chorthippus brunneus|COI-5P|NA,0.3467,0.0798
FBORT332-10|Chorthippus albomarginatus|COI-5P|HM902097,ANBIO142-19|Chorthippus brunneus|COI-5P|NA,0.0908,0.0258
FBORT554-13|Chorthippus biguttulus|COI-5P|NA,ANBIO142-19|Chorthippus brunneus|COI-5P|NA,0.0054,0.0051
BBOWC216-11|Allonemobius fasciatus|COI-5P|KM534562,GBMOR1464-15|Chorthippus jacobsi|COI-5P|KM095633,0.3467,0.0800
FBORT332-10|Chorthippus albomarginatus|COI-5P|HM902097,GBMOR1464-15|Chorthippus jacobsi|COI-5P|KM095633,0.0908,0.0259
FBORT554-13|Chorthippus biguttulus|COI-5P|NA,GBMOR1464-15|Chorthippus jacobsi|COI-5P|KM095633,0.0054,0.0053
ANBIO142-19|Chorthippus brunneus|COI-5P|NA,GBMOR1464-15|Chorthippus jacobsi|COI-5P|KM095633,0.0108,0.0077
BBOWC216-11|Allonemobius fasciatus|COI-5P|KM534562,GBMOR513-13|Chorthippus karelini bruttius|COI-5P|HQ738932,0.3289,0.0766
FBORT332-10|Chorthippus albomarginatus|COI-5P|HM902097,GBMOR513-13|Chorthippus karelini bruttius|COI-5P|HQ738932,0.0163,0.0094
FBORT554-13|Chorthippus biguttulus|COI-5P|NA,GBMOR513-13|Chorthippus karelini bruttius|COI-5P|HQ738932,0.0673,0.0215
ANBIO142-19|Chorthippus brunneus|COI-5P|NA,GBMOR513-13|Chorthippus karelini bruttius|COI-5P|HQ738932,0.0731,0.0224
GBMOR1464-15|Chorthippus jacobsi|COI-5P|KM095633,GBMOR513-13|Chorthippus karelini bruttius|COI-5P|HQ738932,0.0731,0.0224
BBOWC216-11|Allonemobius fasciatus|COI-5P|KM534562,GBMOR510-13|Chorthippus karelini karelini|COI-5P|HQ738935,0.3467,0.0799
FBORT332-10|Chorthippus albomarginatus|COI-5P|HM902097,GBMOR510-13|Chorthippus karelini karelini|COI-5P|HQ738935,0.0273,0.0127
FBORT554-13|Chorthippus biguttulus|COI-5P|NA,GBMOR510-13|Chorthippus karelini karelini|COI-5P|HQ738935,0.0672,0.0210
ANBIO142-19|Chorthippus brunneus|COI-5P|NA,GBMOR510-13|Chorthippus karelini karelini|COI-5P|HQ738935,0.0730,0.0221
GBMOR1464-15|Chorthippus jacobsi|COI-5P|KM095633,GBMOR510-13|Chorthippus karelini karelini|COI-5P|HQ738935,0.0615,0.0200
GBMOR513-13|Chorthippus karelini bruttius|COI-5P|HQ738932,GBMOR510-13|Chorthippus karelini karelini|COI-5P|HQ738935,0.0108,0.0074
BBOWC216-11|Allonemobius fasciatus|COI-5P|KM534562,FBORT551-13|Chorthippus mollis|COI-5P|NA,0.3382,0.0782
FBORT332-10|Chorthippus albomarginatus|COI-5P|HM902097,FBORT551-13|Chorthippus mollis|COI-5P|NA,0.0849,0.0248
FBORT554-13|Chorthippus biguttulus|COI-5P|NA,FBORT551-13|Chorthippus mollis|COI-5P|NA,0.0000,0.0000
ANBIO142-19|Chorthippus brunneus|COI-5P|NA,FBORT551-13|Chorthippus mollis|COI-5P|NA,0.0054,0.0051
GBMOR1464-15|Chorthippus jacobsi|COI-5P|KM095633,FBORT551-13|Chorthippus mollis|COI-5P|NA,0.0054,0.0053
GBMOR513-13|Chorthippus karelini bruttius|COI-5P|HQ738932,FBORT551-13|Chorthippus mollis|COI-5P|NA,0.0673,0.0215
GBMOR510-13|Chorthippus karelini karelini|COI-5P|HQ738935,FBORT551-13|Chorthippus mollis|COI-5P|NA,0.0672,0.0210
BBOWC216-11|Allonemobius fasciatus|COI-5P|KM534562,GBORT879-15|Chorthippus mollis ignifer|COI-5P|NA,0.3311,0.0767
FBORT332-10|Chorthippus albomarginatus|COI-5P|HM902097,GBORT879-15|Chorthippus mollis ignifer|COI-5P|NA,0.0793,0.0241
FBORT554-13|Chorthippus biguttulus|COI-5P|NA,GBORT879-15|Chorthippus mollis ignifer|COI-5P|NA,0.0163,0.0094
ANBIO142-19|Chorthippus brunneus|COI-5P|NA,GBORT879-15|Chorthippus mollis ignifer|COI-5P|NA,0.0218,0.0109
GBMOR1464-15|Chorthippus jacobsi|COI-5P|KM095633,GBORT879-15|Chorthippus mollis ignifer|COI-5P|NA,0.0218,0.0109
GBMOR513-13|Chorthippus karelini bruttius|COI-5P|HQ738932,GBORT879-15|Chorthippus mollis ignifer|COI-5P|NA,0.0617,0.0205
GBMOR510-13|Chorthippus karelini karelini|COI-5P|HQ738935,GBORT879-15|Chorthippus mollis ignifer|COI-5P|NA,0.0616,0.0201
FBORT551-13|Chorthippus mollis|COI-5P|NA,GBORT879-15|Chorthippus mollis ignifer|COI-5P|NA,0.0163,0.0094
BBOWC216-11|Allonemobius fasciatus|COI-5P|KM534562,FBORT384-10|Chorthippus montanus|COI-5P|HQ955734,0.3975,0.0933
FBORT332-10|Chorthippus albomarginatus|COI-5P|HM902097,FBORT384-10|Chorthippus montanus|COI-5P|HQ955734,0.1438,0.0370
FBORT554-13|Chorthippus biguttulus|COI-5P|NA,FBORT384-10|Chorthippus montanus|COI-5P|HQ955734,0.1256,0.0323
ANBIO142-19|Chorthippus brunneus|COI-5P|NA,FBORT384-10|Chorthippus montanus|COI-5P|HQ955734,0.1193,0.0313
GBMOR1464-15|Chorthippus jacobsi|COI-5P|KM095633,FBORT384-10|Chorthippus montanus|COI-5P|HQ955734,0.1256,0.0323
GBMOR513-13|Chorthippus karelini bruttius|COI-5P|HQ738932,FBORT384-10|Chorthippus montanus|COI-5P|HQ955734,0.1246,0.0334
GBMOR510-13|Chorthippus karelini karelini|COI-5P|HQ738935,FBORT384-10|Chorthippus montanus|COI-5P|HQ955734,0.1311,0.0342
FBORT551-13|Chorthippus mollis|COI-5P|NA,FBORT384-10|Chorthippus montanus|COI-5P|HQ955734,0.1256,0.0323
GBORT879-15|Chorthippus mollis ignifer|COI-5P|NA,FBORT384-10|Chorthippus montanus|COI-5P|HQ955734,0.1323,0.0336
BBOWC216-11|Allonemobius fasciatus|COI-5P|KM534562,GBMOR503-13|Chorthippus oschei oschei|COI-5P|HQ738942,0.3467,0.0799
FBORT332-10|Chorthippus albomarginatus|COI-5P|HM902097,GBMOR503-13|Chorthippus oschei oschei|COI-5P|HQ738942,0.0217,0.0111
FBORT554-13|Chorthippus biguttulus|COI-5P|NA,GBMOR503-13|Chorthippus oschei oschei|COI-5P|HQ738942,0.0731,0.0220
ANBIO142-19|Chorthippus brunneus|COI-5P|NA,GBMOR503-13|Chorthippus oschei oschei|COI-5P|HQ738942,0.0789,0.0230
GBMOR1464-15|Chorthippus jacobsi|COI-5P|KM095633,GBMOR503-13|Chorthippus oschei oschei|COI-5P|HQ738942,0.0673,0.0210
GBMOR513-13|Chorthippus karelini bruttius|COI-5P|HQ738932,GBMOR503-13|Chorthippus oschei oschei|COI-5P|HQ738942,0.0163,0.0091
GBMOR510-13|Chorthippus karelini karelini|COI-5P|HQ738935,GBMOR503-13|Chorthippus oschei oschei|COI-5P|HQ738942,0.0054,0.0049
FBORT551-13|Chorthippus mollis|COI-5P|NA,GBMOR503-13|Chorthippus oschei oschei|COI-5P|HQ738942,0.0731,0.0220
GBORT879-15|Chorthippus mollis ignifer|COI-5P|NA,GBMOR503-13|Chorthippus oschei oschei|COI-5P|HQ738942,0.0675,0.0211
FBORT384-10|Chorthippus montanus|COI-5P|HQ955734,GBMOR503-13|Chorthippus oschei oschei|COI-5P|HQ738942,0.1377,0.0351
BBOWC216-11|Allonemobius fasciatus|COI-5P|KM534562,GBMOR502-13|Chorthippus oschei pusztaensis|COI-5P|HQ738943,0.3382,0.0780
FBORT332-10|Chorthippus albomarginatus|COI-5P|HM902097,GBMOR502-13|Chorthippus oschei pusztaensis|COI-5P|HQ738943,0.0218,0.0111
FBORT554-13|Chorthippus biguttulus|COI-5P|NA,GBMOR502-13|Chorthippus oschei pusztaensis|COI-5P|HQ738943,0.0730,0.0226
ANBIO142-19|Chorthippus brunneus|COI-5P|NA,GBMOR502-13|Chorthippus oschei pusztaensis|COI-5P|HQ738943,0.0788,0.0236
GBMOR1464-15|Chorthippus jacobsi|COI-5P|KM095633,GBMOR502-13|Chorthippus oschei pusztaensis|COI-5P|HQ738943,0.0672,0.0216
GBMOR513-13|Chorthippus karelini bruttius|COI-5P|HQ738932,GBMOR502-13|Chorthippus oschei pusztaensis|COI-5P|HQ738943,0.0163,0.0094
GBMOR510-13|Chorthippus karelini karelini|COI-5P|HQ738935,GBMOR502-13|Chorthippus oschei pusztaensis|COI-5P|HQ738943,0.0054,0.0052
FBORT551-13|Chorthippus mollis|COI-5P|NA,GBMOR502-13|Chorthippus oschei pusztaensis|COI-5P|HQ738943,0.0730,0.0226
GBORT879-15|Chorthippus mollis ignifer|COI-5P|NA,GBMOR502-13|Chorthippus oschei pusztaensis|COI-5P|HQ738943,0.0674,0.0218
FBORT384-10|Chorthippus montanus|COI-5P|HQ955734,GBMOR502-13|Chorthippus oschei pusztaensis|COI-5P|HQ738943,0.1375,0.0358
GBMOR503-13|Chorthippus oschei oschei|COI-5P|HQ738942,GBMOR502-13|Chorthippus oschei pusztaensis|COI-5P|HQ738943,0.0108,0.0075
BBOWC216-11|Allonemobius fasciatus|COI-5P|KM534562,GBMH1970-06|Chorthippus parallelus|COI-5P|X95574,0.4083,0.0964
FBORT332-10|Chorthippus albomarginatus|COI-5P|HM902097,GBMH1970-06|Chorthippus parallelus|COI-5P|X95574,0.1642,0.0408
FBORT554-13|Chorthippus biguttulus|COI-5P|NA,GBMH1970-06|Chorthippus parallelus|COI-5P|X95574,0.1323,0.0333
ANBIO142-19|Chorthippus brunneus|COI-5P|NA,GBMH1970-06|Chorthippus parallelus|COI-5P|X95574,0.1260,0.0322
GBMOR1464-15|Chorthippus jacobsi|COI-5P|KM095633,GBMH1970-06|Chorthippus parallelus|COI-5P|X95574,0.1323,0.0333
GBMOR513-13|Chorthippus karelini bruttius|COI-5P|HQ738932,GBMH1970-06|Chorthippus parallelus|COI-5P|X95574,0.1445,0.0372
GBMOR510-13|Chorthippus karelini karelini|COI-5P|HQ738935,GBMH1970-06|Chorthippus parallelus|COI-5P|X95574,0.1512,0.0381
FBORT551-13|Chorthippus mollis|COI-5P|NA,GBMH1970-06|Chorthippus parallelus|COI-5P|X95574,0.1323,0.0333
GBORT879-15|Chorthippus mollis ignifer|COI-5P|NA,GBMH1970-06|Chorthippus parallelus|COI-5P|X95574,0.1391,0.0348
FBORT384-10|Chorthippus montanus|COI-5P|HQ955734,GBMH1970-06|Chorthippus parallelus|COI-5P|X95574,0.0163,0.0096
GBMOR503-13|Chorthippus oschei oschei|COI-5P|HQ738942,GBMH1970-06|Chorthippus parallelus|COI-5P|X95574,0.1580,0.0389
GBMOR502-13|Chorthippus oschei pusztaensis|COI-5P|HQ738943,GBMH1970-06|Chorthippus parallelus|COI-5P|X95574,0.1577,0.0396
BBOWC216-11|Allonemobius fasciatus|COI-5P|KM534562,GBMOR2772-19|Chorthippus parallelus erythropus|COI-5P|JQ580901,0.4083,0.0964
FBORT332-10|Chorthippus albomarginatus|COI-5P|HM902097,GBMOR2772-19|Chorthippus parallelus erythropus|COI-5P|JQ580901,0.1642,0.0408
FBORT554-13|Chorthippus biguttulus|COI-5P|NA,GBMOR2772-19|Chorthippus parallelus erythropus|COI-5P|JQ580901,0.1323,0.0333
ANBIO142-19|Chorthippus brunneus|COI-5P|NA,GBMOR2772-19|Chorthippus parallelus erythropus|COI-5P|JQ580901,0.1260,0.0322
GBMOR1464-15|Chorthippus jacobsi|COI-5P|KM095633,GBMOR2772-19|Chorthippus parallelus erythropus|COI-5P|JQ580901,0.1323,0.0333
GBMOR513-13|Chorthippus karelini bruttius|COI-5P|HQ738932,GBMOR2772-19|Chorthippus parallelus erythropus|COI-5P|JQ580901,0.1445,0.0372
GBMOR510-13|Chorthippus karelini karelini|COI-5P|HQ738935,GBMOR2772-19|Chorthippus parallelus erythropus|COI-5P|JQ580901,0.1512,0.0381
FBORT551-13|Chorthippus mollis|COI-5P|NA,GBMOR2772-19|Chorthippus parallelus erythropus|COI-5P|JQ580901,0.1323,0.0333
GBORT879-15|Chorthippus mollis ignifer|COI-5P|NA,GBMOR2772-19|Chorthippus parallelus erythropus|COI-5P|JQ580901,0.1391,0.0348
FBORT384-10|Chorthippus montanus|COI-5P|HQ955734,GBMOR2772-19|Chorthippus parallelus erythropus|COI-5P|JQ580901,0.0163,0.0096
GBMOR503-13|Chorthippus oschei oschei|COI-5P|HQ738942,GBMOR2772-19|Chorthippus parallelus erythropus|COI-5P|JQ580901,0.1580,0.0389
GBMOR502-13|Chorthippus oschei pusztaensis|COI-5P|HQ738943,GBMOR2772-19|Chorthippus parallelus erythropus|COI-5P|JQ580901,0.1577,0.0396
GBMH1970-06|Chorthippus parallelus|COI-5P|X95574,GBMOR2772-19|Chorthippus parallelus erythropus|COI-5P|JQ580901,0.0000,0.0000
BBOWC216-11|Allonemobius fasciatus|COI-5P|KM534562,GBMOR2773-19|Chorthippus parallelus parallelus|COI-5P|JQ580902,0.3992,0.0945
FBORT332-10|Chorthippus albomarginatus|COI-5P|HM902097,GBMOR2773-19|Chorthippus parallelus parallelus|COI-5P|JQ580902,0.1577,0.0399
FBORT554-13|Chorthippus biguttulus|COI-5P|NA,GBMOR2773-19|Chorthippus parallelus parallelus|COI-5P|JQ580902,0.1260,0.0325
ANBIO142-19|Chorthippus brunneus|COI-5P|NA,GBMOR2773-19|Chorthippus parallelus parallelus|COI-5P|JQ580902,0.1197,0.0314
GBMOR1464-15|Chorthippus jacobsi|COI-5P|KM095633,GBMOR2773-19|Chorthippus parallelus parallelus|COI-5P|JQ580902,0.1260,0.0325
GBMOR513-13|Chorthippus karelini bruttius|COI-5P|HQ738932,GBMOR2773-19|Chorthippus parallelus parallelus|COI-5P|JQ580902,0.1381,0.0362
GBMOR510-13|Chorthippus karelini karelini|COI-5P|HQ738935,GBMOR2773-19|Chorthippus parallelus parallelus|COI-5P|JQ580902,0.1448,0.0371
FBORT551-13|Chorthippus mollis|COI-5P|NA,GBMOR2773-19|Chorthippus parallelus parallelus|COI-5P|JQ580902,0.1260,0.0325
GBORT879-15|Chorthippus mollis ignifer|COI-5P|NA,GBMOR2773-19|Chorthippus parallelus parallelus|COI-5P|JQ580902,0.1327,0.0339
FBORT384-10|Chorthippus montanus|COI-5P|HQ955734,GBMOR2773-19|Chorthippus parallelus parallelus|COI-5P|JQ580902,0.0109,0.0077
GBMOR503-13|Chorthippus oschei oschei|COI-5P|HQ738942,GBMOR2773-19|Chorthippus parallelus parallelus|COI-5P|JQ580902,0.1515,0.0380
GBMOR502-13|Chorthippus oschei pusztaensis|COI-5P|HQ738943,GBMOR2773-19|Chorthippus parallelus parallelus|COI-5P|JQ580902,0.1512,0.0388
GBMH1970-06|Chorthippus parallelus|COI-5P|X95574,GBMOR2773-19|Chorthippus parallelus parallelus|COI-5P|JQ580902,0.0054,0.0050
GBMOR2772-19|Chorthippus parallelus erythropus|COI-5P|JQ580901,GBMOR2773-19|Chorthippus parallelus parallelus|COI-5P|JQ580902,0.0054,0.0050
BBOWC216-11|Allonemobius fasciatus|COI-5P|KM534562,GBORT1100-15|Euchorthippus pulvinatus|COI-5P|NA,0.3115,0.0748
FBORT332-10|Chorthippus albomarginatus|COI-5P|HM902097,GBORT1100-15|Euchorthippus pulvinatus|COI-5P|NA,0.1532,0.0410
FBORT554-13|Chorthippus biguttulus|COI-5P|NA,GBORT1100-15|Euchorthippus pulvinatus|COI-5P|NA,0.1473,0.0388
ANBIO142-19|Chorthippus brunneus|COI-5P|NA,GBORT1100-15|Euchorthippus pulvinatus|COI-5P|NA,0.1539,0.0399
GBMOR1464-15|Chorthippus jacobsi|COI-5P|KM095633,GBORT1100-15|Euchorthippus pulvinatus|COI-5P|NA,0.1539,0.0402
GBMOR513-13|Chorthippus karelini bruttius|COI-5P|HQ738932,GBORT1100-15|Euchorthippus pulvinatus|COI-5P|NA,0.1335,0.0368
GBMOR510-13|Chorthippus karelini karelini|COI-5P|HQ738935,GBORT1100-15|Euchorthippus pulvinatus|COI-5P|NA,0.1467,0.0393
FBORT551-13|Chorthippus mollis|COI-5P|NA,GBORT1100-15|Euchorthippus pulvinatus|COI-5P|NA,0.1473,0.0388
GBORT879-15|Chorthippus mollis ignifer|COI-5P|NA,GBORT1100-15|Euchorthippus pulvinatus|COI-5P|NA,0.1413,0.0374
FBORT384-10|Chorthippus montanus|COI-5P|HQ955734,GBORT1100-15|Euchorthippus pulvinatus|COI-5P|NA,0.1203,0.0331
GBMOR503-13|Chorthippus oschei oschei|COI-5P|HQ738942,GBORT1100-15|Euchorthippus pulvinatus|COI-5P|NA,0.1536,0.0403
GBMOR502-13|Chorthippus oschei pusztaensis|COI-5P|HQ738943,GBORT1100-15|Euchorthippus pulvinatus|COI-5P|NA,0.1532,0.0410
GBMH1970-06|Chorthippus parallelus|COI-5P|X95574,GBORT1100-15|Euchorthippus pulvinatus|COI-5P|NA,0.1404,0.0370
GBMOR2772-19|Chorthippus parallelus erythropus|COI-5P|JQ580901,GBORT1100-15|Euchorthippus pulvinatus|COI-5P|NA,0.1404,0.0370
GBMOR2773-19|Chorthippus parallelus parallelus|COI-5P|JQ580902,GBORT1100-15|Euchorthippus pulvinatus|COI-5P|NA,0.1339,0.0359
BBOWC216-11|Allonemobius fasciatus|COI-5P|KM534562,GBUPS010-14|Gryllus assimilis|COI-5P|NA,0.2470,0.0586
FBORT332-10|Chorthippus albomarginatus|COI-5P|HM902097,GBUPS010-14|Gryllus assimilis|COI-5P|NA,0.3078,0.0702
FBORT554-13|Chorthippus biguttulus|COI-5P|NA,GBUPS010-14|Gryllus assimilis|COI-5P|NA,0.2745,0.0647
ANBIO142-19|Chorthippus brunneus|COI-5P|NA,GBUPS010-14|Gryllus assimilis|COI-5P|NA,0.2822,0.0661
GBMOR1464-15|Chorthippus jacobsi|COI-5P|KM095633,GBUPS010-14|Gryllus assimilis|COI-5P|NA,0.2822,0.0662
GBMOR513-13|Chorthippus karelini bruttius|COI-5P|HQ738932,GBUPS010-14|Gryllus assimilis|COI-5P|NA,0.2992,0.0690
GBMOR510-13|Chorthippus karelini karelini|COI-5P|HQ738935,GBUPS010-14|Gryllus assimilis|COI-5P|NA,0.3071,0.0704
FBORT551-13|Chorthippus mollis|COI-5P|NA,GBUPS010-14|Gryllus assimilis|COI-5P|NA,0.2745,0.0647
GBORT879-15|Chorthippus mollis ignifer|COI-5P|NA,GBUPS010-14|Gryllus assimilis|COI-5P|NA,0.2678,0.0633
FBORT384-10|Chorthippus montanus|COI-5P|HQ955734,GBUPS010-14|Gryllus assimilis|COI-5P|NA,0.3125,0.0726
GBMOR503-13|Chorthippus oschei oschei|COI-5P|HQ738942,GBUPS010-14|Gryllus assimilis|COI-5P|NA,0.3158,0.0720
GBMOR502-13|Chorthippus oschei pusztaensis|COI-5P|HQ738943,GBUPS010-14|Gryllus assimilis|COI-5P|NA,0.2992,0.0685
GBMH1970-06|Chorthippus parallelus|COI-5P|X95574,GBUPS010-14|Gryllus assimilis|COI-5P|NA,0.3218,0.0743
GBMOR2772-19|Chorthippus parallelus erythropus|COI-5P|JQ580901,GBUPS010-14|Gryllus assimilis|COI-5P|NA,0.3218,0.0743
GBMOR2773-19|Chorthippus parallelus parallelus|COI-5P|JQ580902,GBUPS010-14|Gryllus assimilis|COI-5P|NA,0.3137,0.0729
GBORT1100-15|Euchorthippus pulvinatus|COI-5P|NA,GBUPS010-14|Gryllus assimilis|COI-5P|NA,0.2276,0.0562
BBOWC216-11|Allonemobius fasciatus|COI-5P|KM534562,AGIRI310-17|Gryllus bimaculatus|COI-5P|NA,0.2733,0.0642
FBORT332-10|Chorthippus albomarginatus|COI-5P|HM902097,AGIRI310-17|Gryllus bimaculatus|COI-5P|NA,0.3094,0.0706
FBORT554-13|Chorthippus biguttulus|COI-5P|NA,AGIRI310-17|Gryllus bimaculatus|COI-5P|NA,0.2758,0.0652
ANBIO142-19|Chorthippus brunneus|COI-5P|NA,AGIRI310-17|Gryllus bimaculatus|COI-5P|NA,0.2836,0.0667
GBMOR1464-15|Chorthippus jacobsi|COI-5P|KM095633,AGIRI310-17|Gryllus bimaculatus|COI-5P|NA,0.2836,0.0667
GBMOR513-13|Chorthippus karelini bruttius|COI-5P|HQ738932,AGIRI310-17|Gryllus bimaculatus|COI-5P|NA,0.3007,0.0695
GBMOR510-13|Chorthippus karelini karelini|COI-5P|HQ738935,AGIRI310-17|Gryllus bimaculatus|COI-5P|NA,0.3086,0.0709
FBORT551-13|Chorthippus mollis|COI-5P|NA,AGIRI310-17|Gryllus bimaculatus|COI-5P|NA,0.2758,0.0652
GBORT879-15|Chorthippus mollis ignifer|COI-5P|NA,AGIRI310-17|Gryllus bimaculatus|COI-5P|NA,0.2583,0.0611
FBORT384-10|Chorthippus montanus|COI-5P|HQ955734,AGIRI310-17|Gryllus bimaculatus|COI-5P|NA,0.3506,0.0813
GBMOR503-13|Chorthippus oschei oschei|COI-5P|HQ738942,AGIRI310-17|Gryllus bimaculatus|COI-5P|NA,0.3174,0.0723
GBMOR502-13|Chorthippus oschei pusztaensis|COI-5P|HQ738943,AGIRI310-17|Gryllus bimaculatus|COI-5P|NA,0.3007,0.0688
GBMH1970-06|Chorthippus parallelus|COI-5P|X95574,AGIRI310-17|Gryllus bimaculatus|COI-5P|NA,0.3520,0.0815
GBMOR2772-19|Chorthippus parallelus erythropus|COI-5P|JQ580901,AGIRI310-17|Gryllus bimaculatus|COI-5P|NA,0.3520,0.0815
GBMOR2773-19|Chorthippus parallelus parallelus|COI-5P|JQ580902,AGIRI310-17|Gryllus bimaculatus|COI-5P|NA,0.3436,0.0800
GBORT1100-15|Euchorthippus pulvinatus|COI-5P|NA,AGIRI310-17|Gryllus bimaculatus|COI-5P|NA,0.2447,0.0600
GBUPS010-14|Gryllus assimilis|COI-5P|NA,AGIRI310-17|Gryllus bimaculatus|COI-5P|NA,0.0389,0.0150
BBOWC216-11|Allonemobius fasciatus|COI-5P|KM534562,FBORT190-09|Gryllus campestris|COI-5P|GU706131,0.2479,0.0585
FBORT332-10|Chorthippus albomarginatus|COI-5P|HM902097,FBORT190-09|Gryllus campestris|COI-5P|GU706131,0.3003,0.0682
FBORT554-13|Chorthippus biguttulus|COI-5P|NA,FBORT190-09|Gryllus campestris|COI-5P|GU706131,0.2839,0.0660
ANBIO142-19|Chorthippus brunneus|COI-5P|NA,FBORT190-09|Gryllus campestris|COI-5P|GU706131,0.2917,0.0674
GBMOR1464-15|Chorthippus jacobsi|COI-5P|KM095633,FBORT190-09|Gryllus campestris|COI-5P|GU706131,0.2917,0.0675
GBMOR513-13|Chorthippus karelini bruttius|COI-5P|HQ738932,FBORT190-09|Gryllus campestris|COI-5P|GU706131,0.2917,0.0671
GBMOR510-13|Chorthippus karelini karelini|COI-5P|HQ738935,FBORT190-09|Gryllus campestris|COI-5P|GU706131,0.2996,0.0684
FBORT551-13|Chorthippus mollis|COI-5P|NA,FBORT190-09|Gryllus campestris|COI-5P|GU706131,0.2839,0.0660
GBORT879-15|Chorthippus mollis ignifer|COI-5P|NA,FBORT190-09|Gryllus campestris|COI-5P|GU706131,0.2662,0.0619
FBORT384-10|Chorthippus montanus|COI-5P|HQ955734,FBORT190-09|Gryllus campestris|COI-5P|GU706131,0.3409,0.0792
GBMOR503-13|Chorthippus oschei oschei|COI-5P|HQ738942,FBORT190-09|Gryllus campestris|COI-5P|GU706131,0.3082,0.0698
GBMOR502-13|Chorthippus oschei pusztaensis|COI-5P|HQ738943,FBORT190-09|Gryllus campestris|COI-5P|GU706131,0.2917,0.0664
GBMH1970-06|Chorthippus parallelus|COI-5P|X95574,FBORT190-09|Gryllus campestris|COI-5P|GU706131,0.3506,0.0809
GBMOR2772-19|Chorthippus parallelus erythropus|COI-5P|JQ580901,FBORT190-09|Gryllus campestris|COI-5P|GU706131,0.3506,0.0809
GBMOR2773-19|Chorthippus parallelus parallelus|COI-5P|JQ580902,FBORT190-09|Gryllus campestris|COI-5P|GU706131,0.3422,0.0794
GBORT1100-15|Euchorthippus pulvinatus|COI-5P|NA,FBORT190-09|Gryllus campestris|COI-5P|GU706131,0.2363,0.0577
GBUPS010-14|Gryllus assimilis|COI-5P|NA,FBORT190-09|Gryllus campestris|COI-5P|GU706131,0.0388,0.0154
AGIRI310-17|Gryllus bimaculatus|COI-5P|NA,FBORT190-09|Gryllus campestris|COI-5P|GU706131,0.0219,0.0112
BBOWC216-11|Allonemobius fasciatus|COI-5P|KM534562,ORTBB339-12|Gryllus firmus|COI-5P|NA,0.2470,0.0581
FBORT332-10|Chorthippus albomarginatus|COI-5P|HM902097,ORTBB339-12|Gryllus firmus|COI-5P|NA,0.3254,0.0741
FBORT554-13|Chorthippus biguttulus|COI-5P|NA,ORTBB339-12|Gryllus firmus|COI-5P|NA,0.2914,0.0685
ANBIO142-19|Chorthippus brunneus|COI-5P|NA,ORTBB339-12|Gryllus firmus|COI-5P|NA,0.2992,0.0698
GBMOR1464-15|Chorthippus jacobsi|COI-5P|KM095633,ORTBB339-12|Gryllus firmus|COI-5P|NA,0.2992,0.0700
GBMOR513-13|Chorthippus karelini bruttius|COI-5P|HQ738932,ORTBB339-12|Gryllus firmus|COI-5P|NA,0.3166,0.0730
GBMOR510-13|Chorthippus karelini karelini|COI-5P|HQ738935,ORTBB339-12|Gryllus firmus|COI-5P|NA,0.3246,0.0745
FBORT551-13|Chorthippus mollis|COI-5P|NA,ORTBB339-12|Gryllus firmus|COI-5P|NA,0.2914,0.0685
GBORT879-15|Chorthippus mollis ignifer|COI-5P|NA,ORTBB339-12|Gryllus firmus|COI-5P|NA,0.2846,0.0669
FBORT384-10|Chorthippus montanus|COI-5P|HQ955734,ORTBB339-12|Gryllus firmus|COI-5P|NA,0.3214,0.0747
GBMOR503-13|Chorthippus oschei oschei|COI-5P|HQ738942,ORTBB339-12|Gryllus firmus|COI-5P|NA,0.3335,0.0759
GBMOR502-13|Chorthippus oschei pusztaensis|COI-5P|HQ738943,ORTBB339-12|Gryllus firmus|COI-5P|NA,0.3166,0.0724
GBMH1970-06|Chorthippus parallelus|COI-5P|X95574,ORTBB339-12|Gryllus firmus|COI-5P|NA,0.3309,0.0764
GBMOR2772-19|Chorthippus parallelus erythropus|COI-5P|JQ580901,ORTBB339-12|Gryllus firmus|COI-5P|NA,0.3309,0.0764
GBMOR2773-19|Chorthippus parallelus parallelus|COI-5P|JQ580902,ORTBB339-12|Gryllus firmus|COI-5P|NA,0.3227,0.0750
GBORT1100-15|Euchorthippus pulvinatus|COI-5P|NA,ORTBB339-12|Gryllus firmus|COI-5P|NA,0.2355,0.0578
GBUPS010-14|Gryllus assimilis|COI-5P|NA,ORTBB339-12|Gryllus firmus|COI-5P|NA,0.0331,0.0141
AGIRI310-17|Gryllus bimaculatus|COI-5P|NA,ORTBB339-12|Gryllus firmus|COI-5P|NA,0.0621,0.0206
FBORT190-09|Gryllus campestris|COI-5P|GU706131,ORTBB339-12|Gryllus firmus|COI-5P|NA,0.0621,0.0209
BBOWC216-11|Allonemobius fasciatus|COI-5P|KM534562,BBOWC295-12|Gryllus pennsylvanicus|COI-5P|KM535644,0.2388,0.0564
FBORT332-10|Chorthippus albomarginatus|COI-5P|HM902097,BBOWC295-12|Gryllus pennsylvanicus|COI-5P|KM535644,0.3246,0.0735
FBORT554-13|Chorthippus biguttulus|COI-5P|NA,BBOWC295-12|Gryllus pennsylvanicus|COI-5P|KM535644,0.2907,0.0679
ANBIO142-19|Chorthippus brunneus|COI-5P|NA,BBOWC295-12|Gryllus pennsylvanicus|COI-5P|KM535644,0.2985,0.0693
GBMOR1464-15|Chorthippus jacobsi|COI-5P|KM095633,BBOWC295-12|Gryllus pennsylvanicus|COI-5P|KM535644,0.2985,0.0693
GBMOR513-13|Chorthippus karelini bruttius|COI-5P|HQ738932,BBOWC295-12|Gryllus pennsylvanicus|COI-5P|KM535644,0.3158,0.0725
GBMOR510-13|Chorthippus karelini karelini|COI-5P|HQ738935,BBOWC295-12|Gryllus pennsylvanicus|COI-5P|KM535644,0.3238,0.0738
FBORT551-13|Chorthippus mollis|COI-5P|NA,BBOWC295-12|Gryllus pennsylvanicus|COI-5P|KM535644,0.2907,0.0679
GBORT879-15|Chorthippus mollis ignifer|COI-5P|NA,BBOWC295-12|Gryllus pennsylvanicus|COI-5P|KM535644,0.2839,0.0666
FBORT384-10|Chorthippus montanus|COI-5P|HQ955734,BBOWC295-12|Gryllus pennsylvanicus|COI-5P|KM535644,0.3206,0.0738
GBMOR503-13|Chorthippus oschei oschei|COI-5P|HQ738942,BBOWC295-12|Gryllus pennsylvanicus|COI-5P|KM535644,0.3327,0.0753
GBMOR502-13|Chorthippus oschei pusztaensis|COI-5P|HQ738943,BBOWC295-12|Gryllus pennsylvanicus|COI-5P|KM535644,0.3158,0.0718
GBMH1970-06|Chorthippus parallelus|COI-5P|X95574,BBOWC295-12|Gryllus pennsylvanicus|COI-5P|KM535644,0.3300,0.0755
GBMOR2772-19|Chorthippus parallelus erythropus|COI-5P|JQ580901,BBOWC295-12|Gryllus pennsylvanicus|COI-5P|KM535644,0.3300,0.0755
GBMOR2773-19|Chorthippus parallelus parallelus|COI-5P|JQ580902,BBOWC295-12|Gryllus pennsylvanicus|COI-5P|KM535644,0.3218,0.0742
GBORT1100-15|Euchorthippus pulvinatus|COI-5P|NA,BBOWC295-12|Gryllus pennsylvanicus|COI-5P|KM535644,0.2350,0.0568
GBUPS010-14|Gryllus assimilis|COI-5P|NA,BBOWC295-12|Gryllus pennsylvanicus|COI-5P|KM535644,0.0444,0.0161
AGIRI310-17|Gryllus bimaculatus|COI-5P|NA,BBOWC295-12|Gryllus pennsylvanicus|COI-5P|KM535644,0.0679,0.0215
FBORT190-09|Gryllus campestris|COI-5P|GU706131,BBOWC295-12|Gryllus pennsylvanicus|COI-5P|KM535644,0.0739,0.0227
ORTBB339-12|Gryllus firmus|COI-5P|NA,BBOWC295-12|Gryllus pennsylvanicus|COI-5P|KM535644,0.0108,0.0070
BBOWC216-11|Allonemobius fasciatus|COI-5P|KM534562,ORTBB354-12|Gryllus rubens|COI-5P|NA,0.2534,0.0596
FBORT332-10|Chorthippus albomarginatus|COI-5P|HM902097,ORTBB354-12|Gryllus rubens|COI-5P|NA,0.3295,0.0754
FBORT554-13|Chorthippus biguttulus|COI-5P|NA,ORTBB354-12|Gryllus rubens|COI-5P|NA,0.3287,0.0762
ANBIO142-19|Chorthippus brunneus|COI-5P|NA,ORTBB354-12|Gryllus rubens|COI-5P|NA,0.3369,0.0775
GBMOR1464-15|Chorthippus jacobsi|COI-5P|KM095633,ORTBB354-12|Gryllus rubens|COI-5P|NA,0.3369,0.0779
GBMOR513-13|Chorthippus karelini bruttius|COI-5P|HQ738932,ORTBB354-12|Gryllus rubens|COI-5P|NA,0.3369,0.0778
GBMOR510-13|Chorthippus karelini karelini|COI-5P|HQ738935,ORTBB354-12|Gryllus rubens|COI-5P|NA,0.3451,0.0793
FBORT551-13|Chorthippus mollis|COI-5P|NA,ORTBB354-12|Gryllus rubens|COI-5P|NA,0.3287,0.0762
GBORT879-15|Chorthippus mollis ignifer|COI-5P|NA,ORTBB354-12|Gryllus rubens|COI-5P|NA,0.3399,0.0786
FBORT384-10|Chorthippus montanus|COI-5P|HQ955734,ORTBB354-12|Gryllus rubens|COI-5P|NA,0.3695,0.0855
GBMOR503-13|Chorthippus oschei oschei|COI-5P|HQ738942,ORTBB354-12|Gryllus rubens|COI-5P|NA,0.3543,0.0809
GBMOR502-13|Chorthippus oschei pusztaensis|COI-5P|HQ738943,ORTBB354-12|Gryllus rubens|COI-5P|NA,0.3369,0.0773
GBMH1970-06|Chorthippus parallelus|COI-5P|X95574,ORTBB354-12|Gryllus rubens|COI-5P|NA,0.3797,0.0873
GBMOR2772-19|Chorthippus parallelus erythropus|COI-5P|JQ580901,ORTBB354-12|Gryllus rubens|COI-5P|NA,0.3797,0.0873
GBMOR2773-19|Chorthippus parallelus parallelus|COI-5P|JQ580902,ORTBB354-12|Gryllus rubens|COI-5P|NA,0.3710,0.0859
GBORT1100-15|Euchorthippus pulvinatus|COI-5P|NA,ORTBB354-12|Gryllus rubens|COI-5P|NA,0.2863,0.0674
GBUPS010-14|Gryllus assimilis|COI-5P|NA,ORTBB354-12|Gryllus rubens|COI-5P|NA,0.0862,0.0250
AGIRI310-17|Gryllus bimaculatus|COI-5P|NA,ORTBB354-12|Gryllus rubens|COI-5P|NA,0.0989,0.0279
FBORT190-09|Gryllus campestris|COI-5P|GU706131,ORTBB354-12|Gryllus rubens|COI-5P|NA,0.0803,0.0243
ORTBB339-12|Gryllus firmus|COI-5P|NA,ORTBB354-12|Gryllus rubens|COI-5P|NA,0.0741,0.0227
BBOWC295-12|Gryllus pennsylvanicus|COI-5P|KM535644,ORTBB354-12|Gryllus rubens|COI-5P|NA,0.0739,0.0220
BBOWC216-11|Allonemobius fasciatus|COI-5P|KM534562,GBMOR2940-19|Hemideina crassidens|COI-5P|FJ481427,0.2499,0.0601
FBORT332-10|Chorthippus albomarginatus|COI-5P|HM902097,GBMOR2940-19|Hemideina crassidens|COI-5P|FJ481427,0.3843,0.0900
FBORT554-13|Chorthippus biguttulus|COI-5P|NA,GBMOR2940-19|Hemideina crassidens|COI-5P|FJ481427,0.3942,0.0928
ANBIO142-19|Chorthippus brunneus|COI-5P|NA,GBMOR2940-19|Hemideina crassidens|COI-5P|FJ481427,0.4031,0.0944
GBMOR1464-15|Chorthippus jacobsi|COI-5P|KM095633,GBMOR2940-19|Hemideina crassidens|COI-5P|FJ481427,0.4031,0.0947
GBMOR513-13|Chorthippus karelini bruttius|COI-5P|HQ738932,GBMOR2940-19|Hemideina crassidens|COI-5P|FJ481427,0.3843,0.0899
GBMOR510-13|Chorthippus karelini karelini|COI-5P|HQ738935,GBMOR2940-19|Hemideina crassidens|COI-5P|FJ481427,0.4031,0.0937
FBORT551-13|Chorthippus mollis|COI-5P|NA,GBMOR2940-19|Hemideina crassidens|COI-5P|FJ481427,0.3942,0.0928
GBORT879-15|Chorthippus mollis ignifer|COI-5P|NA,GBMOR2940-19|Hemideina crassidens|COI-5P|FJ481427,0.3729,0.0874
FBORT384-10|Chorthippus montanus|COI-5P|HQ955734,GBMOR2940-19|Hemideina crassidens|COI-5P|FJ481427,0.4192,0.0988
GBMOR503-13|Chorthippus oschei oschei|COI-5P|HQ738942,GBMOR2940-19|Hemideina crassidens|COI-5P|FJ481427,0.4031,0.0937
GBMOR502-13|Chorthippus oschei pusztaensis|COI-5P|HQ738943,GBMOR2940-19|Hemideina crassidens|COI-5P|FJ481427,0.3942,0.0915
GBMH1970-06|Chorthippus parallelus|COI-5P|X95574,GBMOR2940-19|Hemideina crassidens|COI-5P|FJ481427,0.4163,0.0976
GBMOR2772-19|Chorthippus parallelus erythropus|COI-5P|JQ580901,GBMOR2940-19|Hemideina crassidens|COI-5P|FJ481427,0.4163,0.0976
GBMOR2773-19|Chorthippus parallelus parallelus|COI-5P|JQ580902,GBMOR2940-19|Hemideina crassidens|COI-5P|FJ481427,0.4072,0.0960
GBORT1100-15|Euchorthippus pulvinatus|COI-5P|NA,GBMOR2940-19|Hemideina crassidens|COI-5P|FJ481427,0.3264,0.0784
GBUPS010-14|Gryllus assimilis|COI-5P|NA,GBMOR2940-19|Hemideina crassidens|COI-5P|FJ481427,0.2385,0.0561
AGIRI310-17|Gryllus bimaculatus|COI-5P|NA,GBMOR2940-19|Hemideina crassidens|COI-5P|FJ481427,0.2464,0.0584
FBORT190-09|Gryllus campestris|COI-5P|GU706131,GBMOR2940-19|Hemideina crassidens|COI-5P|FJ481427,0.2299,0.0550
ORTBB339-12|Gryllus firmus|COI-5P|NA,GBMOR2940-19|Hemideina crassidens|COI-5P|FJ481427,0.2078,0.0502
BBOWC295-12|Gryllus pennsylvanicus|COI-5P|KM535644,GBMOR2940-19|Hemideina crassidens|COI-5P|FJ481427,0.2073,0.0501
ORTBB354-12|Gryllus rubens|COI-5P|NA,GBMOR2940-19|Hemideina crassidens|COI-5P|FJ481427,0.2281,0.0538
BBOWC216-11|Allonemobius fasciatus|COI-5P|KM534562,GBMNA10952-19|Hexacentrus japonicus|COI-5P|KX057713,0.3491,0.0817
FBORT332-10|Chorthippus albomarginatus|COI-5P|HM902097,GBMNA10952-19|Hexacentrus japonicus|COI-5P|KX057713,0.4205,0.0969
FBORT554-13|Chorthippus biguttulus|COI-5P|NA,GBMNA10952-19|Hexacentrus japonicus|COI-5P|KX057713,0.4092,0.0961
ANBIO142-19|Chorthippus brunneus|COI-5P|NA,GBMNA10952-19|Hexacentrus japonicus|COI-5P|KX057713,0.4182,0.0979
GBMOR1464-15|Chorthippus jacobsi|COI-5P|KM095633,GBMNA10952-19|Hexacentrus japonicus|COI-5P|KX057713,0.4092,0.0961
GBMOR513-13|Chorthippus karelini bruttius|COI-5P|HQ738932,GBMNA10952-19|Hexacentrus japonicus|COI-5P|KX057713,0.4386,0.1014
GBMOR510-13|Chorthippus karelini karelini|COI-5P|HQ738935,GBMNA10952-19|Hexacentrus japonicus|COI-5P|KX057713,0.4386,0.1014
FBORT551-13|Chorthippus mollis|COI-5P|NA,GBMNA10952-19|Hexacentrus japonicus|COI-5P|KX057713,0.4092,0.0961
GBORT879-15|Chorthippus mollis ignifer|COI-5P|NA,GBMNA10952-19|Hexacentrus japonicus|COI-5P|KX057713,0.3878,0.0911
FBORT384-10|Chorthippus montanus|COI-5P|HQ955734,GBMNA10952-19|Hexacentrus japonicus|COI-5P|KX057713,0.4116,0.0957
GBMOR503-13|Chorthippus oschei oschei|COI-5P|HQ738942,GBMNA10952-19|Hexacentrus japonicus|COI-5P|KX057713,0.4386,0.1014
GBMOR502-13|Chorthippus oschei pusztaensis|COI-5P|HQ738943,GBMNA10952-19|Hexacentrus japonicus|COI-5P|KX057713,0.4295,0.0990
GBMH1970-06|Chorthippus parallelus|COI-5P|X95574,GBMNA10952-19|Hexacentrus japonicus|COI-5P|KX057713,0.4043,0.0950
GBMOR2772-19|Chorthippus parallelus erythropus|COI-5P|JQ580901,GBMNA10952-19|Hexacentrus japonicus|COI-5P|KX057713,0.4043,0.0950
GBMOR2773-19|Chorthippus parallelus parallelus|COI-5P|JQ580902,GBMNA10952-19|Hexacentrus japonicus|COI-5P|KX057713,0.4134,0.0965
GBORT1100-15|Euchorthippus pulvinatus|COI-5P|NA,GBMNA10952-19|Hexacentrus japonicus|COI-5P|KX057713,0.3700,0.0855
GBUPS010-14|Gryllus assimilis|COI-5P|NA,GBMNA10952-19|Hexacentrus japonicus|COI-5P|KX057713,0.2264,0.0527
AGIRI310-17|Gryllus bimaculatus|COI-5P|NA,GBMNA10952-19|Hexacentrus japonicus|COI-5P|KX057713,0.2335,0.0546
FBORT190-09|Gryllus campestris|COI-5P|GU706131,GBMNA10952-19|Hexacentrus japonicus|COI-5P|KX057713,0.2256,0.0528
ORTBB339-12|Gryllus firmus|COI-5P|NA,GBMNA10952-19|Hexacentrus japonicus|COI-5P|KX057713,0.2113,0.0498
BBOWC295-12|Gryllus pennsylvanicus|COI-5P|KM535644,GBMNA10952-19|Hexacentrus japonicus|COI-5P|KX057713,0.2039,0.0484
ORTBB354-12|Gryllus rubens|COI-5P|NA,GBMNA10952-19|Hexacentrus japonicus|COI-5P|KX057713,0.2118,0.0494
GBMOR2940-19|Hemideina crassidens|COI-5P|FJ481427,GBMNA10952-19|Hexacentrus japonicus|COI-5P|KX057713,0.2819,0.0652
BBOWC216-11|Allonemobius fasciatus|COI-5P|KM534562,GBMND7300-21|Hexacentrus japonicus hareyamai|COI-5P|MW291067,0.3320,0.0754
FBORT332-10|Chorthippus albomarginatus|COI-5P|HM902097,GBMND7300-21|Hexacentrus japonicus hareyamai|COI-5P|MW291067,0.4077,0.0933
FBORT554-13|Chorthippus biguttulus|COI-5P|NA,GBMND7300-21|Hexacentrus japonicus hareyamai|COI-5P|MW291067,0.3964,0.0914
ANBIO142-19|Chorthippus brunneus|COI-5P|NA,GBMND7300-21|Hexacentrus japonicus hareyamai|COI-5P|MW291067,0.4054,0.0932
GBMOR1464-15|Chorthippus jacobsi|COI-5P|KM095633,GBMND7300-21|Hexacentrus japonicus hareyamai|COI-5P|MW291067,0.3964,0.0914
GBMOR513-13|Chorthippus karelini bruttius|COI-5P|HQ738932,GBMND7300-21|Hexacentrus japonicus hareyamai|COI-5P|MW291067,0.4259,0.0978
GBMOR510-13|Chorthippus karelini karelini|COI-5P|HQ738935,GBMND7300-21|Hexacentrus japonicus hareyamai|COI-5P|MW291067,0.4259,0.0978
FBORT551-13|Chorthippus mollis|COI-5P|NA,GBMND7300-21|Hexacentrus japonicus hareyamai|COI-5P|MW291067,0.3964,0.0914
GBORT879-15|Chorthippus mollis ignifer|COI-5P|NA,GBMND7300-21|Hexacentrus japonicus hareyamai|COI-5P|MW291067,0.3750,0.0864
FBORT384-10|Chorthippus montanus|COI-5P|HQ955734,GBMND7300-21|Hexacentrus japonicus hareyamai|COI-5P|MW291067,0.3812,0.0886
GBMOR503-13|Chorthippus oschei oschei|COI-5P|HQ738942,GBMND7300-21|Hexacentrus japonicus hareyamai|COI-5P|MW291067,0.4259,0.0978
GBMOR502-13|Chorthippus oschei pusztaensis|COI-5P|HQ738943,GBMND7300-21|Hexacentrus japonicus hareyamai|COI-5P|MW291067,0.4168,0.0952
GBMH1970-06|Chorthippus parallelus|COI-5P|X95574,GBMND7300-21|Hexacentrus japonicus hareyamai|COI-5P|MW291067,0.3916,0.0907
GBMOR2772-19|Chorthippus parallelus erythropus|COI-5P|JQ580901,GBMND7300-21|Hexacentrus japonicus hareyamai|COI-5P|MW291067,0.3916,0.0907
GBMOR2773-19|Chorthippus parallelus parallelus|COI-5P|JQ580902,GBMND7300-21|Hexacentrus japonicus hareyamai|COI-5P|MW291067,0.3828,0.0893
GBORT1100-15|Euchorthippus pulvinatus|COI-5P|NA,GBMND7300-21|Hexacentrus japonicus hareyamai|COI-5P|MW291067,0.3422,0.0795
GBUPS010-14|Gryllus assimilis|COI-5P|NA,GBMND7300-21|Hexacentrus japonicus hareyamai|COI-5P|MW291067,0.1972,0.0470
AGIRI310-17|Gryllus bimaculatus|COI-5P|NA,GBMND7300-21|Hexacentrus japonicus hareyamai|COI-5P|MW291067,0.1895,0.0451
FBORT190-09|Gryllus campestris|COI-5P|GU706131,GBMND7300-21|Hexacentrus japonicus hareyamai|COI-5P|MW291067,0.1750,0.0430
ORTBB339-12|Gryllus firmus|COI-5P|NA,GBMND7300-21|Hexacentrus japonicus hareyamai|COI-5P|MW291067,0.1827,0.0438
BBOWC295-12|Gryllus pennsylvanicus|COI-5P|KM535644,GBMND7300-21|Hexacentrus japonicus hareyamai|COI-5P|MW291067,0.1899,0.0447
ORTBB354-12|Gryllus rubens|COI-5P|NA,GBMND7300-21|Hexacentrus japonicus hareyamai|COI-5P|MW291067,0.2215,0.0502
GBMOR2940-19|Hemideina crassidens|COI-5P|FJ481427,GBMND7300-21|Hexacentrus japonicus hareyamai|COI-5P|MW291067,0.2829,0.0636
GBMNA10952-19|Hexacentrus japonicus|COI-5P|KX057713,GBMND7300-21|Hexacentrus japonicus hareyamai|COI-5P|MW291067,0.1121,0.0302
BBOWC216-11|Allonemobius fasciatus|COI-5P|KM534562,GBMIN15418-13|Hexacentrus japonicus japonicus|COI-5P|HQ609243,0.3805,0.0871
FBORT332-10|Chorthippus albomarginatus|COI-5P|HM902097,GBMIN15418-13|Hexacentrus japonicus japonicus|COI-5P|HQ609243,0.4103,0.0948
FBORT554-13|Chorthippus biguttulus|COI-5P|NA,GBMIN15418-13|Hexacentrus japonicus japonicus|COI-5P|HQ609243,0.4193,0.0979
ANBIO142-19|Chorthippus brunneus|COI-5P|NA,GBMIN15418-13|Hexacentrus japonicus japonicus|COI-5P|HQ609243,0.4284,0.0998
GBMOR1464-15|Chorthippus jacobsi|COI-5P|KM095633,GBMIN15418-13|Hexacentrus japonicus japonicus|COI-5P|HQ609243,0.4193,0.0979
GBMOR513-13|Chorthippus karelini bruttius|COI-5P|HQ738932,GBMIN15418-13|Hexacentrus japonicus japonicus|COI-5P|HQ609243,0.4284,0.0990
GBMOR510-13|Chorthippus karelini karelini|COI-5P|HQ738935,GBMIN15418-13|Hexacentrus japonicus japonicus|COI-5P|HQ609243,0.4284,0.0990
FBORT551-13|Chorthippus mollis|COI-5P|NA,GBMIN15418-13|Hexacentrus japonicus japonicus|COI-5P|HQ609243,0.4193,0.0979
GBORT879-15|Chorthippus mollis ignifer|COI-5P|NA,GBMIN15418-13|Hexacentrus japonicus japonicus|COI-5P|HQ609243,0.3976,0.0927
FBORT384-10|Chorthippus montanus|COI-5P|HQ955734,GBMIN15418-13|Hexacentrus japonicus japonicus|COI-5P|HQ609243,0.4218,0.0975
GBMOR503-13|Chorthippus oschei oschei|COI-5P|HQ738942,GBMIN15418-13|Hexacentrus japonicus japonicus|COI-5P|HQ609243,0.4284,0.0990
GBMOR502-13|Chorthippus oschei pusztaensis|COI-5P|HQ738943,GBMIN15418-13|Hexacentrus japonicus japonicus|COI-5P|HQ609243,0.4193,0.0967
GBMH1970-06|Chorthippus parallelus|COI-5P|X95574,GBMIN15418-13|Hexacentrus japonicus japonicus|COI-5P|HQ609243,0.4145,0.0967
GBMOR2772-19|Chorthippus parallelus erythropus|COI-5P|JQ580901,GBMIN15418-13|Hexacentrus japonicus japonicus|COI-5P|HQ609243,0.4145,0.0967
GBMOR2773-19|Chorthippus parallelus parallelus|COI-5P|JQ580902,GBMIN15418-13|Hexacentrus japonicus japonicus|COI-5P|HQ609243,0.4236,0.0981
GBORT1100-15|Euchorthippus pulvinatus|COI-5P|NA,GBMIN15418-13|Hexacentrus japonicus japonicus|COI-5P|HQ609243,0.3797,0.0873
GBUPS010-14|Gryllus assimilis|COI-5P|NA,GBMIN15418-13|Hexacentrus japonicus japonicus|COI-5P|HQ609243,0.2264,0.0526
AGIRI310-17|Gryllus bimaculatus|COI-5P|NA,GBMIN15418-13|Hexacentrus japonicus japonicus|COI-5P|HQ609243,0.2259,0.0532
FBORT190-09|Gryllus campestris|COI-5P|GU706131,GBMIN15418-13|Hexacentrus japonicus japonicus|COI-5P|HQ609243,0.2107,0.0501
ORTBB339-12|Gryllus firmus|COI-5P|NA,GBMIN15418-13|Hexacentrus japonicus japonicus|COI-5P|HQ609243,0.2113,0.0494
BBOWC295-12|Gryllus pennsylvanicus|COI-5P|KM535644,GBMIN15418-13|Hexacentrus japonicus japonicus|COI-5P|HQ609243,0.2188,0.0509
ORTBB354-12|Gryllus rubens|COI-5P|NA,GBMIN15418-13|Hexacentrus japonicus japonicus|COI-5P|HQ609243,0.2284,0.0516
GBMOR2940-19|Hemideina crassidens|COI-5P|FJ481427,GBMIN15418-13|Hexacentrus japonicus japonicus|COI-5P|HQ609243,0.3106,0.0704
GBMNA10952-19|Hexacentrus japonicus|COI-5P|KX057713,GBMIN15418-13|Hexacentrus japonicus japonicus|COI-5P|HQ609243,0.0389,0.0151
GBMND7300-21|Hexacentrus japonicus hareyamai|COI-5P|MW291067,GBMIN15418-13|Hexacentrus japonicus japonicus|COI-5P|HQ609243,0.0994,0.0276
BBOWC216-11|Allonemobius fasciatus|COI-5P|KM534562,GBMNA17665-19|Hexacentrus unicolor|COI-5P|NC 033999,0.3140,0.0722
FBORT332-10|Chorthippus albomarginatus|COI-5P|HM902097,GBMNA17665-19|Hexacentrus unicolor|COI-5P|NC 033999,0.3975,0.0912
FBORT554-13|Chorthippus biguttulus|COI-5P|NA,GBMNA17665-19|Hexacentrus unicolor|COI-5P|NC 033999,0.3865,0.0892
ANBIO142-19|Chorthippus brunneus|COI-5P|NA,GBMNA17665-19|Hexacentrus unicolor|COI-5P|NC 033999,0.3954,0.0909
GBMOR1464-15|Chorthippus jacobsi|COI-5P|KM095633,GBMNA17665-19|Hexacentrus unicolor|COI-5P|NC 033999,0.3865,0.0892
GBMOR513-13|Chorthippus karelini bruttius|COI-5P|HQ738932,GBMNA17665-19|Hexacentrus unicolor|COI-5P|NC 033999,0.4156,0.0956
GBMOR510-13|Chorthippus karelini karelini|COI-5P|HQ738935,GBMNA17665-19|Hexacentrus unicolor|COI-5P|NC 033999,0.4156,0.0956
FBORT551-13|Chorthippus mollis|COI-5P|NA,GBMNA17665-19|Hexacentrus unicolor|COI-5P|NC 033999,0.3865,0.0892
GBORT879-15|Chorthippus mollis ignifer|COI-5P|NA,GBMNA17665-19|Hexacentrus unicolor|COI-5P|NC 033999,0.3653,0.0843
FBORT384-10|Chorthippus montanus|COI-5P|HQ955734,GBMNA17665-19|Hexacentrus unicolor|COI-5P|NC 033999,0.3725,0.0872
GBMOR503-13|Chorthippus oschei oschei|COI-5P|HQ738942,GBMNA17665-19|Hexacentrus unicolor|COI-5P|NC 033999,0.4156,0.0956
GBMOR502-13|Chorthippus oschei pusztaensis|COI-5P|HQ738943,GBMNA17665-19|Hexacentrus unicolor|COI-5P|NC 033999,0.4065,0.0931
GBMH1970-06|Chorthippus parallelus|COI-5P|X95574,GBMNA17665-19|Hexacentrus unicolor|COI-5P|NC 033999,0.3828,0.0892
GBMOR2772-19|Chorthippus parallelus erythropus|COI-5P|JQ580901,GBMNA17665-19|Hexacentrus unicolor|COI-5P|NC 033999,0.3828,0.0892
GBMOR2773-19|Chorthippus parallelus parallelus|COI-5P|JQ580902,GBMNA17665-19|Hexacentrus unicolor|COI-5P|NC 033999,0.3740,0.0878
GBORT1100-15|Euchorthippus pulvinatus|COI-5P|NA,GBMNA17665-19|Hexacentrus unicolor|COI-5P|NC 033999,0.3338,0.0785
GBUPS010-14|Gryllus assimilis|COI-5P|NA,GBMNA17665-19|Hexacentrus unicolor|COI-5P|NC 033999,0.1977,0.0470
AGIRI310-17|Gryllus bimaculatus|COI-5P|NA,GBMNA17665-19|Hexacentrus unicolor|COI-5P|NC 033999,0.1827,0.0440
FBORT190-09|Gryllus campestris|COI-5P|GU706131,GBMNA17665-19|Hexacentrus unicolor|COI-5P|NC 033999,0.1754,0.0429
ORTBB339-12|Gryllus firmus|COI-5P|NA,GBMNA17665-19|Hexacentrus unicolor|COI-5P|NC 033999,0.1831,0.0440
BBOWC295-12|Gryllus pennsylvanicus|COI-5P|KM535644,GBMNA17665-19|Hexacentrus unicolor|COI-5P|NC 033999,0.1759,0.0431
ORTBB354-12|Gryllus rubens|COI-5P|NA,GBMNA17665-19|Hexacentrus unicolor|COI-5P|NC 033999,0.2068,0.0480
GBMOR2940-19|Hemideina crassidens|COI-5P|FJ481427,GBMNA17665-19|Hexacentrus unicolor|COI-5P|NC 033999,0.2662,0.0610
GBMNA10952-19|Hexacentrus japonicus|COI-5P|KX057713,GBMNA17665-19|Hexacentrus unicolor|COI-5P|NC 033999,0.1185,0.0314
GBMND7300-21|Hexacentrus japonicus hareyamai|COI-5P|MW291067,GBMNA17665-19|Hexacentrus unicolor|COI-5P|NC 033999,0.0218,0.0104
GBMIN15418-13|Hexacentrus japonicus japonicus|COI-5P|HQ609243,GBMNA17665-19|Hexacentrus unicolor|COI-5P|NC 033999,0.1185,0.0307
BBOWC216-11|Allonemobius fasciatus|COI-5P|KM534562,JSOIE019-12|Melanoplus sanguinipes|COI-5P|NA,0.3605,0.0879
FBORT332-10|Chorthippus albomarginatus|COI-5P|HM902097,JSOIE019-12|Melanoplus sanguinipes|COI-5P|NA,0.1893,0.0464
FBORT554-13|Chorthippus biguttulus|COI-5P|NA,JSOIE019-12|Melanoplus sanguinipes|COI-5P|NA,0.1683,0.0432
ANBIO142-19|Chorthippus brunneus|COI-5P|NA,JSOIE019-12|Melanoplus sanguinipes|COI-5P|NA,0.1750,0.0445
GBMOR1464-15|Chorthippus jacobsi|COI-5P|KM095633,JSOIE019-12|Melanoplus sanguinipes|COI-5P|NA,0.1750,0.0444
GBMOR513-13|Chorthippus karelini bruttius|COI-5P|HQ738932,JSOIE019-12|Melanoplus sanguinipes|COI-5P|NA,0.1893,0.0471
GBMOR510-13|Chorthippus karelini karelini|COI-5P|HQ738935,JSOIE019-12|Melanoplus sanguinipes|COI-5P|NA,0.1889,0.0467
FBORT551-13|Chorthippus mollis|COI-5P|NA,JSOIE019-12|Melanoplus sanguinipes|COI-5P|NA,0.1683,0.0432
GBORT879-15|Chorthippus mollis ignifer|COI-5P|NA,JSOIE019-12|Melanoplus sanguinipes|COI-5P|NA,0.1621,0.0418
FBORT384-10|Chorthippus montanus|COI-5P|HQ955734,JSOIE019-12|Melanoplus sanguinipes|COI-5P|NA,0.1600,0.0410
GBMOR503-13|Chorthippus oschei oschei|COI-5P|HQ738942,JSOIE019-12|Melanoplus sanguinipes|COI-5P|NA,0.1889,0.0467
GBMOR502-13|Chorthippus oschei pusztaensis|COI-5P|HQ738943,JSOIE019-12|Melanoplus sanguinipes|COI-5P|NA,0.1821,0.0447
GBMH1970-06|Chorthippus parallelus|COI-5P|X95574,JSOIE019-12|Melanoplus sanguinipes|COI-5P|NA,0.1592,0.0400
GBMOR2772-19|Chorthippus parallelus erythropus|COI-5P|JQ580901,JSOIE019-12|Melanoplus sanguinipes|COI-5P|NA,0.1592,0.0400
GBMOR2773-19|Chorthippus parallelus parallelus|COI-5P|JQ580902,JSOIE019-12|Melanoplus sanguinipes|COI-5P|NA,0.1526,0.0393
GBORT1100-15|Euchorthippus pulvinatus|COI-5P|NA,JSOIE019-12|Melanoplus sanguinipes|COI-5P|NA,0.1348,0.0366
GBUPS010-14|Gryllus assimilis|COI-5P|NA,JSOIE019-12|Melanoplus sanguinipes|COI-5P|NA,0.2652,0.0621
AGIRI310-17|Gryllus bimaculatus|COI-5P|NA,JSOIE019-12|Melanoplus sanguinipes|COI-5P|NA,0.2844,0.0663
FBORT190-09|Gryllus campestris|COI-5P|GU706131,JSOIE019-12|Melanoplus sanguinipes|COI-5P|NA,0.2747,0.0643
ORTBB339-12|Gryllus firmus|COI-5P|NA,JSOIE019-12|Melanoplus sanguinipes|COI-5P|NA,0.2568,0.0609
BBOWC295-12|Gryllus pennsylvanicus|COI-5P|KM535644,JSOIE019-12|Melanoplus sanguinipes|COI-5P|NA,0.2652,0.0628
ORTBB354-12|Gryllus rubens|COI-5P|NA,JSOIE019-12|Melanoplus sanguinipes|COI-5P|NA,0.3103,0.0717
GBMOR2940-19|Hemideina crassidens|COI-5P|FJ481427,JSOIE019-12|Melanoplus sanguinipes|COI-5P|NA,0.2903,0.0675
GBMNA10952-19|Hexacentrus japonicus|COI-5P|KX057713,JSOIE019-12|Melanoplus sanguinipes|COI-5P|NA,0.3068,0.0721
GBMND7300-21|Hexacentrus japonicus hareyamai|COI-5P|MW291067,JSOIE019-12|Melanoplus sanguinipes|COI-5P|NA,0.2823,0.0660
GBMIN15418-13|Hexacentrus japonicus japonicus|COI-5P|HQ609243,JSOIE019-12|Melanoplus sanguinipes|COI-5P|NA,0.2979,0.0695
GBMNA17665-19|Hexacentrus unicolor|COI-5P|NC 033999,JSOIE019-12|Melanoplus sanguinipes|COI-5P|NA,0.2823,0.0656
BBOWC216-11|Allonemobius fasciatus|COI-5P|KM534562,GBMH1835-06|Orchelimum nigripes|COI-5P|DQ649490,0.3060,0.0704
FBORT332-10|Chorthippus albomarginatus|COI-5P|HM902097,GBMH1835-06|Orchelimum nigripes|COI-5P|DQ649490,0.4123,0.0944
FBORT554-13|Chorthippus biguttulus|COI-5P|NA,GBMH1835-06|Orchelimum nigripes|COI-5P|DQ649490,0.4204,0.0971
ANBIO142-19|Chorthippus brunneus|COI-5P|NA,GBMH1835-06|Orchelimum nigripes|COI-5P|DQ649490,0.4297,0.0989
GBMOR1464-15|Chorthippus jacobsi|COI-5P|KM095633,GBMH1835-06|Orchelimum nigripes|COI-5P|DQ649490,0.4297,0.0988
GBMOR513-13|Chorthippus karelini bruttius|COI-5P|HQ738932,GBMH1835-06|Orchelimum nigripes|COI-5P|DQ649490,0.4216,0.0965
GBMOR510-13|Chorthippus karelini karelini|COI-5P|HQ738935,GBMH1835-06|Orchelimum nigripes|COI-5P|DQ649490,0.4309,0.0982
FBORT551-13|Chorthippus mollis|COI-5P|NA,GBMH1835-06|Orchelimum nigripes|COI-5P|DQ649490,0.4204,0.0971
GBORT879-15|Chorthippus mollis ignifer|COI-5P|NA,GBMH1835-06|Orchelimum nigripes|COI-5P|DQ649490,0.4130,0.0953
FBORT384-10|Chorthippus montanus|COI-5P|HQ955734,GBMH1835-06|Orchelimum nigripes|COI-5P|DQ649490,0.4192,0.0993
GBMOR503-13|Chorthippus oschei oschei|COI-5P|HQ738942,GBMH1835-06|Orchelimum nigripes|COI-5P|DQ649490,0.4309,0.0982
GBMOR502-13|Chorthippus oschei pusztaensis|COI-5P|HQ738943,GBMH1835-06|Orchelimum nigripes|COI-5P|DQ649490,0.4216,0.0961
GBMH1970-06|Chorthippus parallelus|COI-5P|X95574,GBMH1835-06|Orchelimum nigripes|COI-5P|DQ649490,0.3981,0.0939
GBMOR2772-19|Chorthippus parallelus erythropus|COI-5P|JQ580901,GBMH1835-06|Orchelimum nigripes|COI-5P|DQ649490,0.3981,0.0939
GBMOR2773-19|Chorthippus parallelus parallelus|COI-5P|JQ580902,GBMH1835-06|Orchelimum nigripes|COI-5P|DQ649490,0.4072,0.0958
GBORT1100-15|Euchorthippus pulvinatus|COI-5P|NA,GBMH1835-06|Orchelimum nigripes|COI-5P|DQ649490,0.3365,0.0787
GBUPS010-14|Gryllus assimilis|COI-5P|NA,GBMH1835-06|Orchelimum nigripes|COI-5P|DQ649490,0.2163,0.0524
AGIRI310-17|Gryllus bimaculatus|COI-5P|NA,GBMH1835-06|Orchelimum nigripes|COI-5P|DQ649490,0.2255,0.0536
FBORT190-09|Gryllus campestris|COI-5P|GU706131,GBMH1835-06|Orchelimum nigripes|COI-5P|DQ649490,0.2248,0.0533
ORTBB339-12|Gryllus firmus|COI-5P|NA,GBMH1835-06|Orchelimum nigripes|COI-5P|DQ649490,0.2476,0.0585
BBOWC295-12|Gryllus pennsylvanicus|COI-5P|KM535644,GBMH1835-06|Orchelimum nigripes|COI-5P|DQ649490,0.2470,0.0580
ORTBB354-12|Gryllus rubens|COI-5P|NA,GBMH1835-06|Orchelimum nigripes|COI-5P|DQ649490,0.2713,0.0627
GBMOR2940-19|Hemideina crassidens|COI-5P|FJ481427,GBMH1835-06|Orchelimum nigripes|COI-5P|DQ649490,0.2662,0.0612
GBMNA10952-19|Hexacentrus japonicus|COI-5P|KX057713,GBMH1835-06|Orchelimum nigripes|COI-5P|DQ649490,0.2735,0.0649
GBMND7300-21|Hexacentrus japonicus hareyamai|COI-5P|MW291067,GBMH1835-06|Orchelimum nigripes|COI-5P|DQ649490,0.2795,0.0667
GBMIN15418-13|Hexacentrus japonicus japonicus|COI-5P|HQ609243,GBMH1835-06|Orchelimum nigripes|COI-5P|DQ649490,0.2768,0.0665
GBMNA17665-19|Hexacentrus unicolor|COI-5P|NC 033999,GBMH1835-06|Orchelimum nigripes|COI-5P|DQ649490,0.2637,0.0645
JSOIE019-12|Melanoplus sanguinipes|COI-5P|NA,GBMH1835-06|Orchelimum nigripes|COI-5P|DQ649490,0.3682,0.0869
BBOWC216-11|Allonemobius fasciatus|COI-5P|KM534562,GBMIN29642-13|Saga campbelli|COI-5P|HQ717163,0.3547,0.0821
FBORT332-10|Chorthippus albomarginatus|COI-5P|HM902097,GBMIN29642-13|Saga campbelli|COI-5P|HQ717163,0.5099,0.1252
FBORT554-13|Chorthippus biguttulus|COI-5P|NA,GBMIN29642-13|Saga campbelli|COI-5P|HQ717163,0.4866,0.1198
ANBIO142-19|Chorthippus brunneus|COI-5P|NA,GBMIN29642-13|Saga campbelli|COI-5P|HQ717163,0.4967,0.1222
GBMOR1464-15|Chorthippus jacobsi|COI-5P|KM095633,GBMIN29642-13|Saga campbelli|COI-5P|HQ717163,0.4866,0.1198
GBMOR513-13|Chorthippus karelini bruttius|COI-5P|HQ738932,GBMIN29642-13|Saga campbelli|COI-5P|HQ717163,0.4780,0.1180
GBMOR510-13|Chorthippus karelini karelini|COI-5P|HQ738935,GBMIN29642-13|Saga campbelli|COI-5P|HQ717163,0.4895,0.1198
FBORT551-13|Chorthippus mollis|COI-5P|NA,GBMIN29642-13|Saga campbelli|COI-5P|HQ717163,0.4866,0.1198
GBORT879-15|Chorthippus mollis ignifer|COI-5P|NA,GBMIN29642-13|Saga campbelli|COI-5P|HQ717163,0.4617,0.1129
FBORT384-10|Chorthippus montanus|COI-5P|HQ955734,GBMIN29642-13|Saga campbelli|COI-5P|HQ717163,0.4541,0.1100
GBMOR503-13|Chorthippus oschei oschei|COI-5P|HQ738942,GBMIN29642-13|Saga campbelli|COI-5P|HQ717163,0.5012,0.1218
GBMOR502-13|Chorthippus oschei pusztaensis|COI-5P|HQ738943,GBMIN29642-13|Saga campbelli|COI-5P|HQ717163,0.4997,0.1226
GBMH1970-06|Chorthippus parallelus|COI-5P|X95574,GBMIN29642-13|Saga campbelli|COI-5P|HQ717163,0.4658,0.1135
GBMOR2772-19|Chorthippus parallelus erythropus|COI-5P|JQ580901,GBMIN29642-13|Saga campbelli|COI-5P|HQ717163,0.4658,0.1135
GBMOR2773-19|Chorthippus parallelus parallelus|COI-5P|JQ580902,GBMIN29642-13|Saga campbelli|COI-5P|HQ717163,0.4562,0.1115
GBORT1100-15|Euchorthippus pulvinatus|COI-5P|NA,GBMIN29642-13|Saga campbelli|COI-5P|HQ717163,0.3934,0.0948
GBUPS010-14|Gryllus assimilis|COI-5P|NA,GBMIN29642-13|Saga campbelli|COI-5P|HQ717163,0.2671,0.0632
AGIRI310-17|Gryllus bimaculatus|COI-5P|NA,GBMIN29642-13|Saga campbelli|COI-5P|HQ717163,0.3003,0.0703
FBORT190-09|Gryllus campestris|COI-5P|GU706131,GBMIN29642-13|Saga campbelli|COI-5P|HQ717163,0.2829,0.0666
ORTBB339-12|Gryllus firmus|COI-5P|NA,GBMIN29642-13|Saga campbelli|COI-5P|HQ717163,0.2589,0.0621
BBOWC295-12|Gryllus pennsylvanicus|COI-5P|KM535644,GBMIN29642-13|Saga campbelli|COI-5P|HQ717163,0.2671,0.0636
ORTBB354-12|Gryllus rubens|COI-5P|NA,GBMIN29642-13|Saga campbelli|COI-5P|HQ717163,0.3291,0.0754
GBMOR2940-19|Hemideina crassidens|COI-5P|FJ481427,GBMIN29642-13|Saga campbelli|COI-5P|HQ717163,0.2860,0.0659
GBMNA10952-19|Hexacentrus japonicus|COI-5P|KX057713,GBMIN29642-13|Saga campbelli|COI-5P|HQ717163,0.2769,0.0626
GBMND7300-21|Hexacentrus japonicus hareyamai|COI-5P|MW291067,GBMIN29642-13|Saga campbelli|COI-5P|HQ717163,0.2628,0.0612
GBMIN15418-13|Hexacentrus japonicus japonicus|COI-5P|HQ609243,GBMIN29642-13|Saga campbelli|COI-5P|HQ717163,0.2509,0.0570
GBMNA17665-19|Hexacentrus unicolor|COI-5P|NC 033999,GBMIN29642-13|Saga campbelli|COI-5P|HQ717163,0.2547,0.0599
JSOIE019-12|Melanoplus sanguinipes|COI-5P|NA,GBMIN29642-13|Saga campbelli|COI-5P|HQ717163,0.3610,0.0840
GBMH1835-06|Orchelimum nigripes|COI-5P|DQ649490,GBMIN29642-13|Saga campbelli|COI-5P|HQ717163,0.3769,0.0883
BBOWC216-11|Allonemobius fasciatus|COI-5P|KM534562,GBMIN21053-13|Saga campbelli campbelli|COI-5P|GU206246,0.3242,0.0741
FBORT332-10|Chorthippus albomarginatus|COI-5P|HM902097,GBMIN21053-13|Saga campbelli campbelli|COI-5P|GU206246,0.4653,0.1130
FBORT554-13|Chorthippus biguttulus|COI-5P|NA,GBMIN21053-13|Saga campbelli campbelli|COI-5P|GU206246,0.4430,0.1083
ANBIO142-19|Chorthippus brunneus|COI-5P|NA,GBMIN21053-13|Saga campbelli campbelli|COI-5P|GU206246,0.4527,0.1105
GBMOR1464-15|Chorthippus jacobsi|COI-5P|KM095633,GBMIN21053-13|Saga campbelli campbelli|COI-5P|GU206246,0.4430,0.1083
GBMOR513-13|Chorthippus karelini bruttius|COI-5P|HQ738932,GBMIN21053-13|Saga campbelli campbelli|COI-5P|GU206246,0.4346,0.1065
GBMOR510-13|Chorthippus karelini karelini|COI-5P|HQ738935,GBMIN21053-13|Saga campbelli campbelli|COI-5P|GU206246,0.4456,0.1082
FBORT551-13|Chorthippus mollis|COI-5P|NA,GBMIN21053-13|Saga campbelli campbelli|COI-5P|GU206246,0.4430,0.1083
GBORT879-15|Chorthippus mollis ignifer|COI-5P|NA,GBMIN21053-13|Saga campbelli campbelli|COI-5P|GU206246,0.4195,0.1020
FBORT384-10|Chorthippus montanus|COI-5P|HQ955734,GBMIN21053-13|Saga campbelli campbelli|COI-5P|GU206246,0.4221,0.1006
GBMOR503-13|Chorthippus oschei oschei|COI-5P|HQ738942,GBMIN21053-13|Saga campbelli campbelli|COI-5P|GU206246,0.4567,0.1100
GBMOR502-13|Chorthippus oschei pusztaensis|COI-5P|HQ738943,GBMIN21053-13|Saga campbelli campbelli|COI-5P|GU206246,0.4554,0.1107
GBMH1970-06|Chorthippus parallelus|COI-5P|X95574,GBMIN21053-13|Saga campbelli campbelli|COI-5P|GU206246,0.4333,0.1038
GBMOR2772-19|Chorthippus parallelus erythropus|COI-5P|JQ580901,GBMIN21053-13|Saga campbelli campbelli|COI-5P|GU206246,0.4333,0.1038
GBMOR2773-19|Chorthippus parallelus parallelus|COI-5P|JQ580902,GBMIN21053-13|Saga campbelli campbelli|COI-5P|GU206246,0.4239,0.1021
GBORT1100-15|Euchorthippus pulvinatus|COI-5P|NA,GBMIN21053-13|Saga campbelli campbelli|COI-5P|GU206246,0.3833,0.0911
GBUPS010-14|Gryllus assimilis|COI-5P|NA,GBMIN21053-13|Saga campbelli campbelli|COI-5P|GU206246,0.2508,0.0580
AGIRI310-17|Gryllus bimaculatus|COI-5P|NA,GBMIN21053-13|Saga campbelli campbelli|COI-5P|GU206246,0.2748,0.0635
FBORT190-09|Gryllus campestris|COI-5P|GU706131,GBMIN21053-13|Saga campbelli campbelli|COI-5P|GU206246,0.2662,0.0612
ORTBB339-12|Gryllus firmus|COI-5P|NA,GBMIN21053-13|Saga campbelli campbelli|COI-5P|GU206246,0.2427,0.0566
BBOWC295-12|Gryllus pennsylvanicus|COI-5P|KM535644,GBMIN21053-13|Saga campbelli campbelli|COI-5P|GU206246,0.2347,0.0552
ORTBB354-12|Gryllus rubens|COI-5P|NA,GBMIN21053-13|Saga campbelli campbelli|COI-5P|GU206246,0.2748,0.0624
GBMOR2940-19|Hemideina crassidens|COI-5P|FJ481427,GBMIN21053-13|Saga campbelli campbelli|COI-5P|GU206246,0.2946,0.0683
GBMNA10952-19|Hexacentrus japonicus|COI-5P|KX057713,GBMIN21053-13|Saga campbelli campbelli|COI-5P|GU206246,0.2769,0.0623
GBMND7300-21|Hexacentrus japonicus hareyamai|COI-5P|MW291067,GBMIN21053-13|Saga campbelli campbelli|COI-5P|GU206246,0.2628,0.0601
GBMIN15418-13|Hexacentrus japonicus japonicus|COI-5P|HQ609243,GBMIN21053-13|Saga campbelli campbelli|COI-5P|GU206246,0.2668,0.0599
GBMNA17665-19|Hexacentrus unicolor|COI-5P|NC 033999,GBMIN21053-13|Saga campbelli campbelli|COI-5P|GU206246,0.2388,0.0557
JSOIE019-12|Melanoplus sanguinipes|COI-5P|NA,GBMIN21053-13|Saga campbelli campbelli|COI-5P|GU206246,0.3610,0.0823
GBMH1835-06|Orchelimum nigripes|COI-5P|DQ649490,GBMIN21053-13|Saga campbelli campbelli|COI-5P|GU206246,0.3968,0.0941
GBMIN29642-13|Saga campbelli|COI-5P|HQ717163,GBMIN21053-13|Saga campbelli campbelli|COI-5P|GU206246,0.0389,0.0156
BBOWC216-11|Allonemobius fasciatus|COI-5P|KM534562,GBMIN21051-13|Saga campbelli gracilis|COI-5P|GU206250,0.3642,0.0847
FBORT332-10|Chorthippus albomarginatus|COI-5P|HM902097,GBMIN21051-13|Saga campbelli gracilis|COI-5P|GU206250,0.5099,0.1253
FBORT554-13|Chorthippus biguttulus|COI-5P|NA,GBMIN21051-13|Saga campbelli gracilis|COI-5P|GU206250,0.4639,0.1142
ANBIO142-19|Chorthippus brunneus|COI-5P|NA,GBMIN21051-13|Saga campbelli gracilis|COI-5P|GU206250,0.4738,0.1167
GBMOR1464-15|Chorthippus jacobsi|COI-5P|KM095633,GBMIN21051-13|Saga campbelli gracilis|COI-5P|GU206250,0.4639,0.1142
GBMOR513-13|Chorthippus karelini bruttius|COI-5P|HQ738932,GBMIN21051-13|Saga campbelli gracilis|COI-5P|GU206250,0.4780,0.1179
GBMOR510-13|Chorthippus karelini karelini|COI-5P|HQ738935,GBMIN21051-13|Saga campbelli gracilis|COI-5P|GU206250,0.4895,0.1198
FBORT551-13|Chorthippus mollis|COI-5P|NA,GBMIN21051-13|Saga campbelli gracilis|COI-5P|GU206250,0.4639,0.1142
GBORT879-15|Chorthippus mollis ignifer|COI-5P|NA,GBMIN21051-13|Saga campbelli gracilis|COI-5P|GU206250,0.4397,0.1076
FBORT384-10|Chorthippus montanus|COI-5P|HQ955734,GBMIN21051-13|Saga campbelli gracilis|COI-5P|GU206250,0.4433,0.1079
GBMOR503-13|Chorthippus oschei oschei|COI-5P|HQ738942,GBMIN21051-13|Saga campbelli gracilis|COI-5P|GU206250,0.5012,0.1218
GBMOR502-13|Chorthippus oschei pusztaensis|COI-5P|HQ738943,GBMIN21051-13|Saga campbelli gracilis|COI-5P|GU206250,0.4997,0.1226
GBMH1970-06|Chorthippus parallelus|COI-5P|X95574,GBMIN21051-13|Saga campbelli gracilis|COI-5P|GU206250,0.4548,0.1110
GBMOR2772-19|Chorthippus parallelus erythropus|COI-5P|JQ580901,GBMIN21051-13|Saga campbelli gracilis|COI-5P|GU206250,0.4548,0.1110
GBMOR2773-19|Chorthippus parallelus parallelus|COI-5P|JQ580902,GBMIN21051-13|Saga campbelli gracilis|COI-5P|GU206250,0.4453,0.1092
GBORT1100-15|Euchorthippus pulvinatus|COI-5P|NA,GBMIN21051-13|Saga campbelli gracilis|COI-5P|GU206250,0.4036,0.0968
GBUPS010-14|Gryllus assimilis|COI-5P|NA,GBMIN21051-13|Saga campbelli gracilis|COI-5P|GU206250,0.2508,0.0599
AGIRI310-17|Gryllus bimaculatus|COI-5P|NA,GBMIN21051-13|Saga campbelli gracilis|COI-5P|GU206250,0.2832,0.0667
FBORT190-09|Gryllus campestris|COI-5P|GU706131,GBMIN21051-13|Saga campbelli gracilis|COI-5P|GU206250,0.2829,0.0666
ORTBB339-12|Gryllus firmus|COI-5P|NA,GBMIN21051-13|Saga campbelli gracilis|COI-5P|GU206250,0.2427,0.0589
BBOWC295-12|Gryllus pennsylvanicus|COI-5P|KM535644,GBMIN21051-13|Saga campbelli gracilis|COI-5P|GU206250,0.2508,0.0604
ORTBB354-12|Gryllus rubens|COI-5P|NA,GBMIN21051-13|Saga campbelli gracilis|COI-5P|GU206250,0.3291,0.0757
GBMOR2940-19|Hemideina crassidens|COI-5P|FJ481427,GBMIN21051-13|Saga campbelli gracilis|COI-5P|GU206250,0.3033,0.0692
GBMNA10952-19|Hexacentrus japonicus|COI-5P|KX057713,GBMIN21051-13|Saga campbelli gracilis|COI-5P|GU206250,0.2687,0.0605
GBMND7300-21|Hexacentrus japonicus hareyamai|COI-5P|MW291067,GBMIN21051-13|Saga campbelli gracilis|COI-5P|GU206250,0.2709,0.0628
GBMIN15418-13|Hexacentrus japonicus japonicus|COI-5P|HQ609243,GBMIN21051-13|Saga campbelli gracilis|COI-5P|GU206250,0.2431,0.0552
GBMNA17665-19|Hexacentrus unicolor|COI-5P|NC 033999,GBMIN21051-13|Saga campbelli gracilis|COI-5P|GU206250,0.2628,0.0615
JSOIE019-12|Melanoplus sanguinipes|COI-5P|NA,GBMIN21051-13|Saga campbelli gracilis|COI-5P|GU206250,0.3708,0.0863
GBMH1835-06|Orchelimum nigripes|COI-5P|DQ649490,GBMIN21051-13|Saga campbelli gracilis|COI-5P|GU206250,0.3769,0.0887
GBMIN29642-13|Saga campbelli|COI-5P|HQ717163,GBMIN21051-13|Saga campbelli gracilis|COI-5P|GU206250,0.0219,0.0106
GBMIN21053-13|Saga campbelli campbelli|COI-5P|GU206246,GBMIN21051-13|Saga campbelli gracilis|COI-5P|GU206250,0.0622,0.0209
BBOWC216-11|Allonemobius fasciatus|COI-5P|KM534562,GBMIN21063-13|Saga hellenica|COI-5P|GU206253,0.2675,0.0640
FBORT332-10|Chorthippus albomarginatus|COI-5P|HM902097,GBMIN21063-13|Saga hellenica|COI-5P|GU206253,0.4385,0.1060
FBORT554-13|Chorthippus biguttulus|COI-5P|NA,GBMIN21063-13|Saga hellenica|COI-5P|GU206253,0.4277,0.1037
ANBIO142-19|Chorthippus brunneus|COI-5P|NA,GBMIN21063-13|Saga hellenica|COI-5P|GU206253,0.4372,0.1063
GBMOR1464-15|Chorthippus jacobsi|COI-5P|KM095633,GBMIN21063-13|Saga hellenica|COI-5P|GU206253,0.4277,0.1037
GBMOR513-13|Chorthippus karelini bruttius|COI-5P|HQ738932,GBMIN21063-13|Saga hellenica|COI-5P|GU206253,0.4195,0.1013
GBMOR510-13|Chorthippus karelini karelini|COI-5P|HQ738935,GBMIN21063-13|Saga hellenica|COI-5P|GU206253,0.4302,0.1029
FBORT551-13|Chorthippus mollis|COI-5P|NA,GBMIN21063-13|Saga hellenica|COI-5P|GU206253,0.4277,0.1037
GBORT879-15|Chorthippus mollis ignifer|COI-5P|NA,GBMIN21063-13|Saga hellenica|COI-5P|GU206253,0.4202,0.1010
FBORT384-10|Chorthippus montanus|COI-5P|HQ955734,GBMIN21063-13|Saga hellenica|COI-5P|GU206253,0.4428,0.1046
GBMOR503-13|Chorthippus oschei oschei|COI-5P|HQ738942,GBMIN21063-13|Saga hellenica|COI-5P|GU206253,0.4302,0.1029
GBMOR502-13|Chorthippus oschei pusztaensis|COI-5P|HQ738943,GBMIN21063-13|Saga hellenica|COI-5P|GU206253,0.4397,0.1052
GBMH1970-06|Chorthippus parallelus|COI-5P|X95574,GBMIN21063-13|Saga hellenica|COI-5P|GU206253,0.4353,0.1040
GBMOR2772-19|Chorthippus parallelus erythropus|COI-5P|JQ580901,GBMIN21063-13|Saga hellenica|COI-5P|GU206253,0.4353,0.1040
GBMOR2773-19|Chorthippus parallelus parallelus|COI-5P|JQ580902,GBMIN21063-13|Saga hellenica|COI-5P|GU206253,0.4448,0.1059
GBORT1100-15|Euchorthippus pulvinatus|COI-5P|NA,GBMIN21063-13|Saga hellenica|COI-5P|GU206253,0.3698,0.0863
GBUPS010-14|Gryllus assimilis|COI-5P|NA,GBMIN21063-13|Saga hellenica|COI-5P|GU206253,0.2985,0.0667
AGIRI310-17|Gryllus bimaculatus|COI-5P|NA,GBMIN21063-13|Saga hellenica|COI-5P|GU206253,0.3442,0.0763
FBORT190-09|Gryllus campestris|COI-5P|GU706131,GBMIN21063-13|Saga hellenica|COI-5P|GU206253,0.3169,0.0707
ORTBB339-12|Gryllus firmus|COI-5P|NA,GBMIN21063-13|Saga hellenica|COI-5P|GU206253,0.3071,0.0688
BBOWC295-12|Gryllus pennsylvanicus|COI-5P|KM535644,GBMIN21063-13|Saga hellenica|COI-5P|GU206253,0.2985,0.0670
ORTBB354-12|Gryllus rubens|COI-5P|NA,GBMIN21063-13|Saga hellenica|COI-5P|GU206253,0.3237,0.0719
GBMOR2940-19|Hemideina crassidens|COI-5P|FJ481427,GBMIN21063-13|Saga hellenica|COI-5P|GU206253,0.3360,0.0771
GBMNA10952-19|Hexacentrus japonicus|COI-5P|KX057713,GBMIN21063-13|Saga hellenica|COI-5P|GU206253,0.3059,0.0693
GBMND7300-21|Hexacentrus japonicus hareyamai|COI-5P|MW291067,GBMIN21063-13|Saga hellenica|COI-5P|GU206253,0.3127,0.0706
GBMIN15418-13|Hexacentrus japonicus japonicus|COI-5P|HQ609243,GBMIN21063-13|Saga hellenica|COI-5P|GU206253,0.3037,0.0685
GBMNA17665-19|Hexacentrus unicolor|COI-5P|NC 033999,GBMIN21063-13|Saga hellenica|COI-5P|GU206253,0.3041,0.0686
JSOIE019-12|Melanoplus sanguinipes|COI-5P|NA,GBMIN21063-13|Saga hellenica|COI-5P|GU206253,0.4070,0.0922
GBMH1835-06|Orchelimum nigripes|COI-5P|DQ649490,GBMIN21063-13|Saga hellenica|COI-5P|GU206253,0.3466,0.0821
GBMIN29642-13|Saga campbelli|COI-5P|HQ717163,GBMIN21063-13|Saga hellenica|COI-5P|GU206253,0.1258,0.0320
GBMIN21053-13|Saga campbelli campbelli|COI-5P|GU206246,GBMIN21063-13|Saga hellenica|COI-5P|GU206253,0.1185,0.0320
GBMIN21051-13|Saga campbelli gracilis|COI-5P|GU206250,GBMIN21063-13|Saga hellenica|COI-5P|GU206253,0.1323,0.0335
BBOWC216-11|Allonemobius fasciatus|COI-5P|KM534562,GBMIN21057-13|Saga pedo|COI-5P|GU206265,0.3452,0.0798
FBORT332-10|Chorthippus albomarginatus|COI-5P|HM902097,GBMIN21057-13|Saga pedo|COI-5P|GU206265,0.4967,0.1208
FBORT554-13|Chorthippus biguttulus|COI-5P|NA,GBMIN21057-13|Saga pedo|COI-5P|GU206265,0.4738,0.1158
ANBIO142-19|Chorthippus brunneus|COI-5P|NA,GBMIN21057-13|Saga pedo|COI-5P|GU206265,0.4837,0.1181
GBMOR1464-15|Chorthippus jacobsi|COI-5P|KM095633,GBMIN21057-13|Saga pedo|COI-5P|GU206265,0.4738,0.1158
GBMOR513-13|Chorthippus karelini bruttius|COI-5P|HQ738932,GBMIN21057-13|Saga pedo|COI-5P|GU206265,0.4653,0.1138
GBMOR510-13|Chorthippus karelini karelini|COI-5P|HQ738935,GBMIN21057-13|Saga pedo|COI-5P|GU206265,0.4766,0.1157
FBORT551-13|Chorthippus mollis|COI-5P|NA,GBMIN21057-13|Saga pedo|COI-5P|GU206265,0.4738,0.1158
GBORT879-15|Chorthippus mollis ignifer|COI-5P|NA,GBMIN21057-13|Saga pedo|COI-5P|GU206265,0.4494,0.1092
FBORT384-10|Chorthippus montanus|COI-5P|HQ955734,GBMIN21057-13|Saga pedo|COI-5P|GU206265,0.4209,0.1018
GBMOR503-13|Chorthippus oschei oschei|COI-5P|HQ738942,GBMIN21057-13|Saga pedo|COI-5P|GU206265,0.4881,0.1176
GBMOR502-13|Chorthippus oschei pusztaensis|COI-5P|HQ738943,GBMIN21057-13|Saga pedo|COI-5P|GU206265,0.4866,0.1183
GBMH1970-06|Chorthippus parallelus|COI-5P|X95574,GBMIN21057-13|Saga pedo|COI-5P|GU206265,0.4321,0.1050
GBMOR2772-19|Chorthippus parallelus erythropus|COI-5P|JQ580901,GBMIN21057-13|Saga pedo|COI-5P|GU206265,0.4321,0.1050
GBMOR2773-19|Chorthippus parallelus parallelus|COI-5P|JQ580902,GBMIN21057-13|Saga pedo|COI-5P|GU206265,0.4228,0.1032
GBORT1100-15|Euchorthippus pulvinatus|COI-5P|NA,GBMIN21057-13|Saga pedo|COI-5P|GU206265,0.3923,0.0946
GBUPS010-14|Gryllus assimilis|COI-5P|NA,GBMIN21057-13|Saga pedo|COI-5P|GU206265,0.2748,0.0641
AGIRI310-17|Gryllus bimaculatus|COI-5P|NA,GBMIN21057-13|Saga pedo|COI-5P|GU206265,0.2996,0.0695
FBORT190-09|Gryllus campestris|COI-5P|GU706131,GBMIN21057-13|Saga pedo|COI-5P|GU206265,0.2906,0.0673
ORTBB339-12|Gryllus firmus|COI-5P|NA,GBMIN21057-13|Saga pedo|COI-5P|GU206265,0.2665,0.0626
BBOWC295-12|Gryllus pennsylvanicus|COI-5P|KM535644,GBMIN21057-13|Saga pedo|COI-5P|GU206265,0.2583,0.0611
ORTBB354-12|Gryllus rubens|COI-5P|NA,GBMIN21057-13|Saga pedo|COI-5P|GU206265,0.3193,0.0724
GBMOR2940-19|Hemideina crassidens|COI-5P|FJ481427,GBMIN21057-13|Saga pedo|COI-5P|GU206265,0.2860,0.0668
GBMNA10952-19|Hexacentrus japonicus|COI-5P|KX057713,GBMIN21057-13|Saga pedo|COI-5P|GU206265,0.2681,0.0611
GBMND7300-21|Hexacentrus japonicus hareyamai|COI-5P|MW291067,GBMIN21057-13|Saga pedo|COI-5P|GU206265,0.2622,0.0606
GBMIN15418-13|Hexacentrus japonicus japonicus|COI-5P|HQ609243,GBMIN21057-13|Saga pedo|COI-5P|GU206265,0.2743,0.0622
GBMNA17665-19|Hexacentrus unicolor|COI-5P|NC 033999,GBMIN21057-13|Saga pedo|COI-5P|GU206265,0.2383,0.0564
JSOIE019-12|Melanoplus sanguinipes|COI-5P|NA,GBMIN21057-13|Saga pedo|COI-5P|GU206265,0.3698,0.0848
GBMH1835-06|Orchelimum nigripes|COI-5P|DQ649490,GBMIN21057-13|Saga pedo|COI-5P|GU206265,0.3868,0.0913
GBMIN29642-13|Saga campbelli|COI-5P|HQ717163,GBMIN21057-13|Saga pedo|COI-5P|GU206265,0.0330,0.0141
GBMIN21053-13|Saga campbelli campbelli|COI-5P|GU206246,GBMIN21057-13|Saga pedo|COI-5P|GU206265,0.0504,0.0175
GBMIN21051-13|Saga campbelli gracilis|COI-5P|GU206250,GBMIN21057-13|Saga pedo|COI-5P|GU206265,0.0330,0.0139
GBMIN21063-13|Saga hellenica|COI-5P|GU206253,GBMIN21057-13|Saga pedo|COI-5P|GU206265,0.1255,0.0317
BBOWC216-11|Allonemobius fasciatus|COI-5P|KM534562,GBMIN21043-13|Saga rammei|COI-5P|GU206266,0.3598,0.0817
FBORT332-10|Chorthippus albomarginatus|COI-5P|HM902097,GBMIN21043-13|Saga rammei|COI-5P|GU206266,0.4890,0.1181
FBORT554-13|Chorthippus biguttulus|COI-5P|NA,GBMIN21043-13|Saga rammei|COI-5P|GU206266,0.5212,0.1250
ANBIO142-19|Chorthippus brunneus|COI-5P|NA,GBMIN21043-13|Saga rammei|COI-5P|GU206266,0.5316,0.1276
GBMOR1464-15|Chorthippus jacobsi|COI-5P|KM095633,GBMIN21043-13|Saga rammei|COI-5P|GU206266,0.5212,0.1250
GBMOR513-13|Chorthippus karelini bruttius|COI-5P|HQ738932,GBMIN21043-13|Saga rammei|COI-5P|GU206266,0.4890,0.1180
GBMOR510-13|Chorthippus karelini karelini|COI-5P|HQ738935,GBMIN21043-13|Saga rammei|COI-5P|GU206266,0.5006,0.1199
FBORT551-13|Chorthippus mollis|COI-5P|NA,GBMIN21043-13|Saga rammei|COI-5P|GU206266,0.5212,0.1250
GBORT879-15|Chorthippus mollis ignifer|COI-5P|NA,GBMIN21043-13|Saga rammei|COI-5P|GU206266,0.4952,0.1177
FBORT384-10|Chorthippus montanus|COI-5P|HQ955734,GBMIN21043-13|Saga rammei|COI-5P|GU206266,0.4523,0.1064
GBMOR503-13|Chorthippus oschei oschei|COI-5P|HQ738942,GBMIN21043-13|Saga rammei|COI-5P|GU206266,0.5006,0.1199
GBMOR502-13|Chorthippus oschei pusztaensis|COI-5P|HQ738943,GBMIN21043-13|Saga rammei|COI-5P|GU206266,0.4904,0.1174
GBMH1970-06|Chorthippus parallelus|COI-5P|X95574,GBMIN21043-13|Saga rammei|COI-5P|GU206266,0.4543,0.1071
GBMOR2772-19|Chorthippus parallelus erythropus|COI-5P|JQ580901,GBMIN21043-13|Saga rammei|COI-5P|GU206266,0.4543,0.1071
GBMOR2773-19|Chorthippus parallelus parallelus|COI-5P|JQ580902,GBMIN21043-13|Saga rammei|COI-5P|GU206266,0.4448,0.1057
GBORT1100-15|Euchorthippus pulvinatus|COI-5P|NA,GBMIN21043-13|Saga rammei|COI-5P|GU206266,0.4548,0.1060
GBUPS010-14|Gryllus assimilis|COI-5P|NA,GBMIN21043-13|Saga rammei|COI-5P|GU206266,0.3189,0.0713
AGIRI310-17|Gryllus bimaculatus|COI-5P|NA,GBMIN21043-13|Saga rammei|COI-5P|GU206266,0.3109,0.0705
FBORT190-09|Gryllus campestris|COI-5P|GU706131,GBMIN21043-13|Saga rammei|COI-5P|GU206266,0.3177,0.0715
ORTBB339-12|Gryllus firmus|COI-5P|NA,GBMIN21043-13|Saga rammei|COI-5P|GU206266,0.3278,0.0736
BBOWC295-12|Gryllus pennsylvanicus|COI-5P|KM535644,GBMIN21043-13|Saga rammei|COI-5P|GU206266,0.3189,0.0717
ORTBB354-12|Gryllus rubens|COI-5P|NA,GBMIN21043-13|Saga rammei|COI-5P|GU206266,0.3007,0.0678
GBMOR2940-19|Hemideina crassidens|COI-5P|FJ481427,GBMIN21043-13|Saga rammei|COI-5P|GU206266,0.2835,0.0644
GBMNA10952-19|Hexacentrus japonicus|COI-5P|KX057713,GBMIN21043-13|Saga rammei|COI-5P|GU206266,0.2610,0.0604
GBMND7300-21|Hexacentrus japonicus hareyamai|COI-5P|MW291067,GBMIN21043-13|Saga rammei|COI-5P|GU206266,0.2532,0.0590
GBMIN15418-13|Hexacentrus japonicus japonicus|COI-5P|HQ609243,GBMIN21043-13|Saga rammei|COI-5P|GU206266,0.2279,0.0542
GBMNA17665-19|Hexacentrus unicolor|COI-5P|NC 033999,GBMIN21043-13|Saga rammei|COI-5P|GU206266,0.2453,0.0570
JSOIE019-12|Melanoplus sanguinipes|COI-5P|NA,GBMIN21043-13|Saga rammei|COI-5P|GU206266,0.3991,0.0890
GBMH1835-06|Orchelimum nigripes|COI-5P|DQ649490,GBMIN21043-13|Saga rammei|COI-5P|GU206266,0.3475,0.0824
GBMIN29642-13|Saga campbelli|COI-5P|HQ717163,GBMIN21043-13|Saga rammei|COI-5P|GU206266,0.1568,0.0376
GBMIN21053-13|Saga campbelli campbelli|COI-5P|GU206246,GBMIN21043-13|Saga rammei|COI-5P|GU206266,0.1501,0.0367
GBMIN21051-13|Saga campbelli gracilis|COI-5P|GU206250,GBMIN21043-13|Saga rammei|COI-5P|GU206266,0.1434,0.0343
GBMIN21063-13|Saga hellenica|COI-5P|GU206253,GBMIN21043-13|Saga rammei|COI-5P|GU206266,0.1634,0.0378
GBMIN21057-13|Saga pedo|COI-5P|GU206265,GBMIN21043-13|Saga rammei|COI-5P|GU206266,0.1240,0.0311
BBOWC216-11|Allonemobius fasciatus|COI-5P|KM534562,GBMOR127-09|Stenobothrus clavatus|COI-5P|FJ555546,0.4192,0.0987
FBORT332-10|Chorthippus albomarginatus|COI-5P|HM902097,GBMOR127-09|Stenobothrus clavatus|COI-5P|FJ555546,0.1438,0.0369
FBORT554-13|Chorthippus biguttulus|COI-5P|NA,GBMOR127-09|Stenobothrus clavatus|COI-5P|FJ555546,0.1058,0.0293
ANBIO142-19|Chorthippus brunneus|COI-5P|NA,GBMOR127-09|Stenobothrus clavatus|COI-5P|FJ555546,0.0997,0.0280
GBMOR1464-15|Chorthippus jacobsi|COI-5P|KM095633,GBMOR127-09|Stenobothrus clavatus|COI-5P|FJ555546,0.1058,0.0293
GBMOR513-13|Chorthippus karelini bruttius|COI-5P|HQ738932,GBMOR127-09|Stenobothrus clavatus|COI-5P|FJ555546,0.1311,0.0340
GBMOR510-13|Chorthippus karelini karelini|COI-5P|HQ738935,GBMOR127-09|Stenobothrus clavatus|COI-5P|FJ555546,0.1246,0.0329
FBORT551-13|Chorthippus mollis|COI-5P|NA,GBMOR127-09|Stenobothrus clavatus|COI-5P|FJ555546,0.1058,0.0293
GBORT879-15|Chorthippus mollis ignifer|COI-5P|NA,GBMOR127-09|Stenobothrus clavatus|COI-5P|FJ555546,0.1123,0.0305
FBORT384-10|Chorthippus montanus|COI-5P|HQ955734,GBMOR127-09|Stenobothrus clavatus|COI-5P|FJ555546,0.1050,0.0281
GBMOR503-13|Chorthippus oschei oschei|COI-5P|HQ738942,GBMOR127-09|Stenobothrus clavatus|COI-5P|FJ555546,0.1246,0.0329
GBMOR502-13|Chorthippus oschei pusztaensis|COI-5P|HQ738943,GBMOR127-09|Stenobothrus clavatus|COI-5P|FJ555546,0.1309,0.0344
GBMH1970-06|Chorthippus parallelus|COI-5P|X95574,GBMOR127-09|Stenobothrus clavatus|COI-5P|FJ555546,0.0924,0.0255
GBMOR2772-19|Chorthippus parallelus erythropus|COI-5P|JQ580901,GBMOR127-09|Stenobothrus clavatus|COI-5P|FJ555546,0.0924,0.0255
GBMOR2773-19|Chorthippus parallelus parallelus|COI-5P|JQ580902,GBMOR127-09|Stenobothrus clavatus|COI-5P|FJ555546,0.0984,0.0264
GBORT1100-15|Euchorthippus pulvinatus|COI-5P|NA,GBMOR127-09|Stenobothrus clavatus|COI-5P|FJ555546,0.1667,0.0414
GBUPS010-14|Gryllus assimilis|COI-5P|NA,GBMOR127-09|Stenobothrus clavatus|COI-5P|FJ555546,0.3182,0.0723
AGIRI310-17|Gryllus bimaculatus|COI-5P|NA,GBMOR127-09|Stenobothrus clavatus|COI-5P|FJ555546,0.3297,0.0756
FBORT190-09|Gryllus campestris|COI-5P|GU706131,GBMOR127-09|Stenobothrus clavatus|COI-5P|FJ555546,0.3466,0.0778
ORTBB339-12|Gryllus firmus|COI-5P|NA,GBMOR127-09|Stenobothrus clavatus|COI-5P|FJ555546,0.3452,0.0784
BBOWC295-12|Gryllus pennsylvanicus|COI-5P|KM535644,GBMOR127-09|Stenobothrus clavatus|COI-5P|FJ555546,0.3444,0.0773
ORTBB354-12|Gryllus rubens|COI-5P|NA,GBMOR127-09|Stenobothrus clavatus|COI-5P|FJ555546,0.4053,0.0905
GBMOR2940-19|Hemideina crassidens|COI-5P|FJ481427,GBMOR127-09|Stenobothrus clavatus|COI-5P|FJ555546,0.4156,0.0977
GBMNA10952-19|Hexacentrus japonicus|COI-5P|KX057713,GBMOR127-09|Stenobothrus clavatus|COI-5P|FJ555546,0.4401,0.1029
GBMND7300-21|Hexacentrus japonicus hareyamai|COI-5P|MW291067,GBMOR127-09|Stenobothrus clavatus|COI-5P|FJ555546,0.4420,0.1012
GBMIN15418-13|Hexacentrus japonicus japonicus|COI-5P|HQ609243,GBMOR127-09|Stenobothrus clavatus|COI-5P|FJ555546,0.4260,0.0993
GBMNA17665-19|Hexacentrus unicolor|COI-5P|NC 033999,GBMOR127-09|Stenobothrus clavatus|COI-5P|FJ555546,0.4122,0.0946
JSOIE019-12|Melanoplus sanguinipes|COI-5P|NA,GBMOR127-09|Stenobothrus clavatus|COI-5P|FJ555546,0.1728,0.0427
GBMH1835-06|Orchelimum nigripes|COI-5P|DQ649490,GBMOR127-09|Stenobothrus clavatus|COI-5P|FJ555546,0.3392,0.0812
GBMIN29642-13|Saga campbelli|COI-5P|HQ717163,GBMOR127-09|Stenobothrus clavatus|COI-5P|FJ555546,0.5068,0.1217
GBMIN21053-13|Saga campbelli campbelli|COI-5P|GU206246,GBMOR127-09|Stenobothrus clavatus|COI-5P|FJ555546,0.4625,0.1098
GBMIN21051-13|Saga campbelli gracilis|COI-5P|GU206250,GBMOR127-09|Stenobothrus clavatus|COI-5P|FJ555546,0.4952,0.1192
GBMIN21063-13|Saga hellenica|COI-5P|GU206253,GBMOR127-09|Stenobothrus clavatus|COI-5P|FJ555546,0.4239,0.1013
GBMIN21057-13|Saga pedo|COI-5P|GU206265,GBMOR127-09|Stenobothrus clavatus|COI-5P|FJ555546,0.4937,0.1177
GBMIN21043-13|Saga rammei|COI-5P|GU206266,GBMOR127-09|Stenobothrus clavatus|COI-5P|FJ555546,0.4914,0.1168
BBOWC216-11|Allonemobius fasciatus|COI-5P|KM534562,GBMOR550-13|Teleogryllus commodus|COI-5P|JQ686193,0.2418,0.0586
FBORT332-10|Chorthippus albomarginatus|COI-5P|HM902097,GBMOR550-13|Teleogryllus commodus|COI-5P|JQ686193,0.3524,0.0814
FBORT554-13|Chorthippus biguttulus|COI-5P|NA,GBMOR550-13|Teleogryllus commodus|COI-5P|JQ686193,0.3515,0.0822
ANBIO142-19|Chorthippus brunneus|COI-5P|NA,GBMOR550-13|Teleogryllus commodus|COI-5P|JQ686193,0.3600,0.0834
GBMOR1464-15|Chorthippus jacobsi|COI-5P|KM095633,GBMOR550-13|Teleogryllus commodus|COI-5P|JQ686193,0.3600,0.0840
GBMOR513-13|Chorthippus karelini bruttius|COI-5P|HQ738932,GBMOR550-13|Teleogryllus commodus|COI-5P|JQ686193,0.3524,0.0817
GBMOR510-13|Chorthippus karelini karelini|COI-5P|HQ738935,GBMOR550-13|Teleogryllus commodus|COI-5P|JQ686193,0.3515,0.0820
FBORT551-13|Chorthippus mollis|COI-5P|NA,GBMOR550-13|Teleogryllus commodus|COI-5P|JQ686193,0.3515,0.0822
GBORT879-15|Chorthippus mollis ignifer|COI-5P|NA,GBMOR550-13|Teleogryllus commodus|COI-5P|JQ686193,0.3444,0.0806
FBORT384-10|Chorthippus montanus|COI-5P|HQ955734,GBMOR550-13|Teleogryllus commodus|COI-5P|JQ686193,0.3715,0.0867
GBMOR503-13|Chorthippus oschei oschei|COI-5P|HQ738942,GBMOR550-13|Teleogryllus commodus|COI-5P|JQ686193,0.3515,0.0820
GBMOR502-13|Chorthippus oschei pusztaensis|COI-5P|HQ738943,GBMOR550-13|Teleogryllus commodus|COI-5P|JQ686193,0.3431,0.0800
GBMH1970-06|Chorthippus parallelus|COI-5P|X95574,GBMOR550-13|Teleogryllus commodus|COI-5P|JQ686193,0.3818,0.0890
GBMOR2772-19|Chorthippus parallelus erythropus|COI-5P|JQ580901,GBMOR550-13|Teleogryllus commodus|COI-5P|JQ686193,0.3818,0.0890
GBMOR2773-19|Chorthippus parallelus parallelus|COI-5P|JQ580902,GBMOR550-13|Teleogryllus commodus|COI-5P|JQ686193,0.3731,0.0873
GBORT1100-15|Euchorthippus pulvinatus|COI-5P|NA,GBMOR550-13|Teleogryllus commodus|COI-5P|JQ686193,0.2994,0.0732
GBUPS010-14|Gryllus assimilis|COI-5P|NA,GBMOR550-13|Teleogryllus commodus|COI-5P|JQ686193,0.1271,0.0337
AGIRI310-17|Gryllus bimaculatus|COI-5P|NA,GBMOR550-13|Teleogryllus commodus|COI-5P|JQ686193,0.1402,0.0356
FBORT190-09|Gryllus campestris|COI-5P|GU706131,GBMOR550-13|Teleogryllus commodus|COI-5P|JQ686193,0.1410,0.0356
ORTBB339-12|Gryllus firmus|COI-5P|NA,GBMOR550-13|Teleogryllus commodus|COI-5P|JQ686193,0.1405,0.0359
BBOWC295-12|Gryllus pennsylvanicus|COI-5P|KM535644,GBMOR550-13|Teleogryllus commodus|COI-5P|JQ686193,0.1470,0.0369
ORTBB354-12|Gryllus rubens|COI-5P|NA,GBMOR550-13|Teleogryllus commodus|COI-5P|JQ686193,0.1737,0.0418
GBMOR2940-19|Hemideina crassidens|COI-5P|FJ481427,GBMOR550-13|Teleogryllus commodus|COI-5P|JQ686193,0.2464,0.0585
GBMNA10952-19|Hexacentrus japonicus|COI-5P|KX057713,GBMOR550-13|Teleogryllus commodus|COI-5P|JQ686193,0.3171,0.0715
GBMND7300-21|Hexacentrus japonicus hareyamai|COI-5P|MW291067,GBMOR550-13|Teleogryllus commodus|COI-5P|JQ686193,0.3142,0.0711
GBMIN15418-13|Hexacentrus japonicus japonicus|COI-5P|HQ609243,GBMOR550-13|Teleogryllus commodus|COI-5P|JQ686193,0.3344,0.0744
GBMNA17665-19|Hexacentrus unicolor|COI-5P|NC 033999,GBMOR550-13|Teleogryllus commodus|COI-5P|JQ686193,0.3142,0.0714
JSOIE019-12|Melanoplus sanguinipes|COI-5P|NA,GBMOR550-13|Teleogryllus commodus|COI-5P|JQ686193,0.3453,0.0829
GBMH1835-06|Orchelimum nigripes|COI-5P|DQ649490,GBMOR550-13|Teleogryllus commodus|COI-5P|JQ686193,0.2528,0.0591
GBMIN29642-13|Saga campbelli|COI-5P|HQ717163,GBMOR550-13|Teleogryllus commodus|COI-5P|JQ686193,0.2917,0.0666
GBMIN21053-13|Saga campbelli campbelli|COI-5P|GU206246,GBMOR550-13|Teleogryllus commodus|COI-5P|JQ686193,0.2729,0.0621
GBMIN21051-13|Saga campbelli gracilis|COI-5P|GU206250,GBMOR550-13|Teleogryllus commodus|COI-5P|JQ686193,0.3003,0.0684
GBMIN21063-13|Saga hellenica|COI-5P|GU206253,GBMOR550-13|Teleogryllus commodus|COI-5P|JQ686193,0.2872,0.0626
GBMIN21057-13|Saga pedo|COI-5P|GU206265,GBMOR550-13|Teleogryllus commodus|COI-5P|JQ686193,0.2825,0.0637
GBMIN21043-13|Saga rammei|COI-5P|GU206266,GBMOR550-13|Teleogryllus commodus|COI-5P|JQ686193,0.3506,0.0766
GBMOR127-09|Stenobothrus clavatus|COI-5P|FJ555546,GBMOR550-13|Teleogryllus commodus|COI-5P|JQ686193,0.3563,0.0826
BBOWC216-11|Allonemobius fasciatus|COI-5P|KM534562,GBMNA10921-19|Teleogryllus oceanicus|COI-5P|KT824636,0.2433,0.0577
FBORT332-10|Chorthippus albomarginatus|COI-5P|HM902097,GBMNA10921-19|Teleogryllus oceanicus|COI-5P|KT824636,0.3566,0.0804
FBORT554-13|Chorthippus biguttulus|COI-5P|NA,GBMNA10921-19|Teleogryllus oceanicus|COI-5P|KT824636,0.3300,0.0762
ANBIO142-19|Chorthippus brunneus|COI-5P|NA,GBMNA10921-19|Teleogryllus oceanicus|COI-5P|KT824636,0.3382,0.0777
GBMOR1464-15|Chorthippus jacobsi|COI-5P|KM095633,GBMNA10921-19|Teleogryllus oceanicus|COI-5P|KT824636,0.3382,0.0781
GBMOR513-13|Chorthippus karelini bruttius|COI-5P|HQ738932,GBMNA10921-19|Teleogryllus oceanicus|COI-5P|KT824636,0.3566,0.0808
GBMOR510-13|Chorthippus karelini karelini|COI-5P|HQ738935,GBMNA10921-19|Teleogryllus oceanicus|COI-5P|KT824636,0.3651,0.0826
FBORT551-13|Chorthippus mollis|COI-5P|NA,GBMNA10921-19|Teleogryllus oceanicus|COI-5P|KT824636,0.3300,0.0762
GBORT879-15|Chorthippus mollis ignifer|COI-5P|NA,GBMNA10921-19|Teleogryllus oceanicus|COI-5P|KT824636,0.3141,0.0727
FBORT384-10|Chorthippus montanus|COI-5P|HQ955734,GBMNA10921-19|Teleogryllus oceanicus|COI-5P|KT824636,0.4037,0.0929
GBMOR503-13|Chorthippus oschei oschei|COI-5P|HQ738942,GBMNA10921-19|Teleogryllus oceanicus|COI-5P|KT824636,0.3651,0.0826
GBMOR502-13|Chorthippus oschei pusztaensis|COI-5P|HQ738943,GBMNA10921-19|Teleogryllus oceanicus|COI-5P|KT824636,0.3566,0.0803
GBMH1970-06|Chorthippus parallelus|COI-5P|X95574,GBMNA10921-19|Teleogryllus oceanicus|COI-5P|KT824636,0.4054,0.0930
GBMOR2772-19|Chorthippus parallelus erythropus|COI-5P|JQ580901,GBMNA10921-19|Teleogryllus oceanicus|COI-5P|KT824636,0.4054,0.0930
GBMOR2773-19|Chorthippus parallelus parallelus|COI-5P|JQ580902,GBMNA10921-19|Teleogryllus oceanicus|COI-5P|KT824636,0.3964,0.0916
GBORT1100-15|Euchorthippus pulvinatus|COI-5P|NA,GBMNA10921-19|Teleogryllus oceanicus|COI-5P|KT824636,0.2896,0.0684
GBUPS010-14|Gryllus assimilis|COI-5P|NA,GBMNA10921-19|Teleogryllus oceanicus|COI-5P|KT824636,0.0879,0.0257
AGIRI310-17|Gryllus bimaculatus|COI-5P|NA,GBMNA10921-19|Teleogryllus oceanicus|COI-5P|KT824636,0.0757,0.0226
FBORT190-09|Gryllus campestris|COI-5P|GU706131,GBMNA10921-19|Teleogryllus oceanicus|COI-5P|KT824636,0.0882,0.0258
ORTBB339-12|Gryllus firmus|COI-5P|NA,GBMNA10921-19|Teleogryllus oceanicus|COI-5P|KT824636,0.0879,0.0254
BBOWC295-12|Gryllus pennsylvanicus|COI-5P|KM535644,GBMNA10921-19|Teleogryllus oceanicus|COI-5P|KT824636,0.0940,0.0264
ORTBB354-12|Gryllus rubens|COI-5P|NA,GBMNA10921-19|Teleogryllus oceanicus|COI-5P|KT824636,0.1125,0.0308
GBMOR2940-19|Hemideina crassidens|COI-5P|FJ481427,GBMNA10921-19|Teleogryllus oceanicus|COI-5P|KT824636,0.2232,0.0540
GBMNA10952-19|Hexacentrus japonicus|COI-5P|KX057713,GBMNA10921-19|Teleogryllus oceanicus|COI-5P|KT824636,0.2338,0.0536
GBMND7300-21|Hexacentrus japonicus hareyamai|COI-5P|MW291067,GBMNA10921-19|Teleogryllus oceanicus|COI-5P|KT824636,0.2559,0.0583
GBMIN15418-13|Hexacentrus japonicus japonicus|COI-5P|HQ609243,GBMNA10921-19|Teleogryllus oceanicus|COI-5P|KT824636,0.2338,0.0532
GBMNA17665-19|Hexacentrus unicolor|COI-5P|NC 033999,GBMNA10921-19|Teleogryllus oceanicus|COI-5P|KT824636,0.2559,0.0584
JSOIE019-12|Melanoplus sanguinipes|COI-5P|NA,GBMNA10921-19|Teleogryllus oceanicus|COI-5P|KT824636,0.3091,0.0712
GBMH1835-06|Orchelimum nigripes|COI-5P|DQ649490,GBMNA10921-19|Teleogryllus oceanicus|COI-5P|KT824636,0.2601,0.0611
GBMIN29642-13|Saga campbelli|COI-5P|HQ717163,GBMNA10921-19|Teleogryllus oceanicus|COI-5P|KT824636,0.3014,0.0690
GBMIN21053-13|Saga campbelli campbelli|COI-5P|GU206246,GBMNA10921-19|Teleogryllus oceanicus|COI-5P|KT824636,0.2656,0.0601
GBMIN21051-13|Saga campbelli gracilis|COI-5P|GU206250,GBMNA10921-19|Teleogryllus oceanicus|COI-5P|KT824636,0.2843,0.0656
GBMIN21063-13|Saga hellenica|COI-5P|GU206253,GBMNA10921-19|Teleogryllus oceanicus|COI-5P|KT824636,0.3108,0.0688
GBMIN21057-13|Saga pedo|COI-5P|GU206265,GBMNA10921-19|Teleogryllus oceanicus|COI-5P|KT824636,0.3007,0.0681
GBMIN21043-13|Saga rammei|COI-5P|GU206266,GBMNA10921-19|Teleogryllus oceanicus|COI-5P|KT824636,0.2896,0.0649
GBMOR127-09|Stenobothrus clavatus|COI-5P|FJ555546,GBMNA10921-19|Teleogryllus oceanicus|COI-5P|KT824636,0.3475,0.0793
GBMOR550-13|Teleogryllus commodus|COI-5P|JQ686193,GBMNA10921-19|Teleogryllus oceanicus|COI-5P|KT824636,0.1051,0.0293
BBOWC216-11|Allonemobius fasciatus|COI-5P|KM534562,TTOFW599-08|Trimerotropis agrestis|COI-5P|KM534416,0.3997,0.0958
FBORT332-10|Chorthippus albomarginatus|COI-5P|HM902097,TTOFW599-08|Trimerotropis agrestis|COI-5P|KM534416,0.2380,0.0565
FBORT554-13|Chorthippus biguttulus|COI-5P|NA,TTOFW599-08|Trimerotropis agrestis|COI-5P|KM534416,0.2073,0.0505
ANBIO142-19|Chorthippus brunneus|COI-5P|NA,TTOFW599-08|Trimerotropis agrestis|COI-5P|KM534416,0.2144,0.0516
GBMOR1464-15|Chorthippus jacobsi|COI-5P|KM095633,TTOFW599-08|Trimerotropis agrestis|COI-5P|KM534416,0.2073,0.0505
GBMOR513-13|Chorthippus karelini bruttius|COI-5P|HQ738932,TTOFW599-08|Trimerotropis agrestis|COI-5P|KM534416,0.2380,0.0573
GBMOR510-13|Chorthippus karelini karelini|COI-5P|HQ738935,TTOFW599-08|Trimerotropis agrestis|COI-5P|KM534416,0.2380,0.0573
FBORT551-13|Chorthippus mollis|COI-5P|NA,TTOFW599-08|Trimerotropis agrestis|COI-5P|KM534416,0.2073,0.0505
GBORT879-15|Chorthippus mollis ignifer|COI-5P|NA,TTOFW599-08|Trimerotropis agrestis|COI-5P|KM534416,0.1935,0.0478
FBORT384-10|Chorthippus montanus|COI-5P|HQ955734,TTOFW599-08|Trimerotropis agrestis|COI-5P|KM534416,0.2297,0.0547
GBMOR503-13|Chorthippus oschei oschei|COI-5P|HQ738942,TTOFW599-08|Trimerotropis agrestis|COI-5P|KM534416,0.2380,0.0573
GBMOR502-13|Chorthippus oschei pusztaensis|COI-5P|HQ738943,TTOFW599-08|Trimerotropis agrestis|COI-5P|KM534416,0.2307,0.0551
GBMH1970-06|Chorthippus parallelus|COI-5P|X95574,TTOFW599-08|Trimerotropis agrestis|COI-5P|KM534416,0.2377,0.0562
GBMOR2772-19|Chorthippus parallelus erythropus|COI-5P|JQ580901,TTOFW599-08|Trimerotropis agrestis|COI-5P|KM534416,0.2377,0.0562
GBMOR2773-19|Chorthippus parallelus parallelus|COI-5P|JQ580902,TTOFW599-08|Trimerotropis agrestis|COI-5P|KM534416,0.2305,0.0548
GBORT1100-15|Euchorthippus pulvinatus|COI-5P|NA,TTOFW599-08|Trimerotropis agrestis|COI-5P|KM534416,0.2011,0.0486
GBUPS010-14|Gryllus assimilis|COI-5P|NA,TTOFW599-08|Trimerotropis agrestis|COI-5P|KM534416,0.2972,0.0720
AGIRI310-17|Gryllus bimaculatus|COI-5P|NA,TTOFW599-08|Trimerotropis agrestis|COI-5P|KM534416,0.2964,0.0709
FBORT190-09|Gryllus campestris|COI-5P|GU706131,TTOFW599-08|Trimerotropis agrestis|COI-5P|KM534416,0.3161,0.0751
ORTBB339-12|Gryllus firmus|COI-5P|NA,TTOFW599-08|Trimerotropis agrestis|COI-5P|KM534416,0.2885,0.0707
BBOWC295-12|Gryllus pennsylvanicus|COI-5P|KM535644,TTOFW599-08|Trimerotropis agrestis|COI-5P|KM534416,0.2964,0.0715
ORTBB354-12|Gryllus rubens|COI-5P|NA,TTOFW599-08|Trimerotropis agrestis|COI-5P|KM534416,0.3628,0.0852
GBMOR2940-19|Hemideina crassidens|COI-5P|FJ481427,TTOFW599-08|Trimerotropis agrestis|COI-5P|KM534416,0.3771,0.0907
GBMNA10952-19|Hexacentrus japonicus|COI-5P|KX057713,TTOFW599-08|Trimerotropis agrestis|COI-5P|KM534416,0.3731,0.0880
GBMND7300-21|Hexacentrus japonicus hareyamai|COI-5P|MW291067,TTOFW599-08|Trimerotropis agrestis|COI-5P|KM534416,0.3591,0.0866
GBMIN15418-13|Hexacentrus japonicus japonicus|COI-5P|HQ609243,TTOFW599-08|Trimerotropis agrestis|COI-5P|KM534416,0.3927,0.0934
GBMNA17665-19|Hexacentrus unicolor|COI-5P|NC 033999,TTOFW599-08|Trimerotropis agrestis|COI-5P|KM534416,0.3504,0.0851
JSOIE019-12|Melanoplus sanguinipes|COI-5P|NA,TTOFW599-08|Trimerotropis agrestis|COI-5P|KM534416,0.2127,0.0532
GBMH1835-06|Orchelimum nigripes|COI-5P|DQ649490,TTOFW599-08|Trimerotropis agrestis|COI-5P|KM534416,0.3796,0.0928
GBMIN29642-13|Saga campbelli|COI-5P|HQ717163,TTOFW599-08|Trimerotropis agrestis|COI-5P|KM534416,0.3899,0.0934
GBMIN21053-13|Saga campbelli campbelli|COI-5P|GU206246,TTOFW599-08|Trimerotropis agrestis|COI-5P|KM534416,0.3797,0.0899
GBMIN21051-13|Saga campbelli gracilis|COI-5P|GU206250,TTOFW599-08|Trimerotropis agrestis|COI-5P|KM534416,0.3797,0.0911
GBMIN21063-13|Saga hellenica|COI-5P|GU206253,TTOFW599-08|Trimerotropis agrestis|COI-5P|KM534416,0.4307,0.1016
GBMIN21057-13|Saga pedo|COI-5P|GU206265,TTOFW599-08|Trimerotropis agrestis|COI-5P|KM534416,0.3992,0.0957
GBMIN21043-13|Saga rammei|COI-5P|GU206266,TTOFW599-08|Trimerotropis agrestis|COI-5P|KM534416,0.4290,0.1008
GBMOR127-09|Stenobothrus clavatus|COI-5P|FJ555546,TTOFW599-08|Trimerotropis agrestis|COI-5P|KM534416,0.2059,0.0499
GBMOR550-13|Teleogryllus commodus|COI-5P|JQ686193,TTOFW599-08|Trimerotropis agrestis|COI-5P|KM534416,0.3705,0.0891
GBMNA10921-19|Teleogryllus oceanicus|COI-5P|KT824636,TTOFW599-08|Trimerotropis agrestis|COI-5P|KM534416,0.2860,0.0675
BBOWC216-11|Allonemobius fasciatus|COI-5P|KM534562,GBMIN21342-13|Trimerotropis cyaneipennis|COI-5P|JQ513040,0.3692,0.0890
FBORT332-10|Chorthippus albomarginatus|COI-5P|HM902097,GBMIN21342-13|Trimerotropis cyaneipennis|COI-5P|JQ513040,0.2315,0.0569
FBORT554-13|Chorthippus biguttulus|COI-5P|NA,GBMIN21342-13|Trimerotropis cyaneipennis|COI-5P|JQ513040,0.2084,0.0526
ANBIO142-19|Chorthippus brunneus|COI-5P|NA,GBMIN21342-13|Trimerotropis cyaneipennis|COI-5P|JQ513040,0.2156,0.0537
GBMOR1464-15|Chorthippus jacobsi|COI-5P|KM095633,GBMIN21342-13|Trimerotropis cyaneipennis|COI-5P|JQ513040,0.2084,0.0526
GBMOR513-13|Chorthippus karelini bruttius|COI-5P|HQ738932,GBMIN21342-13|Trimerotropis cyaneipennis|COI-5P|JQ513040,0.2315,0.0573
GBMOR510-13|Chorthippus karelini karelini|COI-5P|HQ738935,GBMIN21342-13|Trimerotropis cyaneipennis|COI-5P|JQ513040,0.2237,0.0558
FBORT551-13|Chorthippus mollis|COI-5P|NA,GBMIN21342-13|Trimerotropis cyaneipennis|COI-5P|JQ513040,0.2084,0.0526
GBORT879-15|Chorthippus mollis ignifer|COI-5P|NA,GBMIN21342-13|Trimerotropis cyaneipennis|COI-5P|JQ513040,0.1945,0.0498
FBORT384-10|Chorthippus montanus|COI-5P|HQ955734,GBMIN21342-13|Trimerotropis cyaneipennis|COI-5P|JQ513040,0.2208,0.0527
GBMOR503-13|Chorthippus oschei oschei|COI-5P|HQ738942,GBMIN21342-13|Trimerotropis cyaneipennis|COI-5P|JQ513040,0.2237,0.0558
GBMOR502-13|Chorthippus oschei pusztaensis|COI-5P|HQ738943,GBMIN21342-13|Trimerotropis cyaneipennis|COI-5P|JQ513040,0.2165,0.0537
GBMH1970-06|Chorthippus parallelus|COI-5P|X95574,GBMIN21342-13|Trimerotropis cyaneipennis|COI-5P|JQ513040,0.2195,0.0518
GBMOR2772-19|Chorthippus parallelus erythropus|COI-5P|JQ580901,GBMIN21342-13|Trimerotropis cyaneipennis|COI-5P|JQ513040,0.2195,0.0518
GBMOR2773-19|Chorthippus parallelus parallelus|COI-5P|JQ580902,GBMIN21342-13|Trimerotropis cyaneipennis|COI-5P|JQ513040,0.2125,0.0506
GBORT1100-15|Euchorthippus pulvinatus|COI-5P|NA,GBMIN21342-13|Trimerotropis cyaneipennis|COI-5P|JQ513040,0.1996,0.0476
GBUPS010-14|Gryllus assimilis|COI-5P|NA,GBMIN21342-13|Trimerotropis cyaneipennis|COI-5P|JQ513040,0.3302,0.0779
AGIRI310-17|Gryllus bimaculatus|COI-5P|NA,GBMIN21342-13|Trimerotropis cyaneipennis|COI-5P|JQ513040,0.3210,0.0753
FBORT190-09|Gryllus campestris|COI-5P|GU706131,GBMIN21342-13|Trimerotropis cyaneipennis|COI-5P|JQ513040,0.3504,0.0812
ORTBB339-12|Gryllus firmus|COI-5P|NA,GBMIN21342-13|Trimerotropis cyaneipennis|COI-5P|JQ513040,0.3210,0.0755
BBOWC295-12|Gryllus pennsylvanicus|COI-5P|KM535644,GBMIN21342-13|Trimerotropis cyaneipennis|COI-5P|JQ513040,0.3127,0.0744
ORTBB354-12|Gryllus rubens|COI-5P|NA,GBMIN21342-13|Trimerotropis cyaneipennis|COI-5P|JQ513040,0.3770,0.0861
GBMOR2940-19|Hemideina crassidens|COI-5P|FJ481427,GBMIN21342-13|Trimerotropis cyaneipennis|COI-5P|JQ513040,0.3519,0.0823
GBMNA10952-19|Hexacentrus japonicus|COI-5P|KX057713,GBMIN21342-13|Trimerotropis cyaneipennis|COI-5P|JQ513040,0.4136,0.0979
GBMND7300-21|Hexacentrus japonicus hareyamai|COI-5P|MW291067,GBMIN21342-13|Trimerotropis cyaneipennis|COI-5P|JQ513040,0.3935,0.0918
GBMIN15418-13|Hexacentrus japonicus japonicus|COI-5P|HQ609243,GBMIN21342-13|Trimerotropis cyaneipennis|COI-5P|JQ513040,0.4136,0.0978
GBMNA17665-19|Hexacentrus unicolor|COI-5P|NC 033999,GBMIN21342-13|Trimerotropis cyaneipennis|COI-5P|JQ513040,0.3845,0.0901
JSOIE019-12|Melanoplus sanguinipes|COI-5P|NA,GBMIN21342-13|Trimerotropis cyaneipennis|COI-5P|JQ513040,0.1717,0.0433
GBMH1835-06|Orchelimum nigripes|COI-5P|DQ649490,GBMIN21342-13|Trimerotropis cyaneipennis|COI-5P|JQ513040,0.4130,0.0981
GBMIN29642-13|Saga campbelli|COI-5P|HQ717163,GBMIN21342-13|Trimerotropis cyaneipennis|COI-5P|JQ513040,0.4506,0.1072
GBMIN21053-13|Saga campbelli campbelli|COI-5P|GU206246,GBMIN21342-13|Trimerotropis cyaneipennis|COI-5P|JQ513040,0.4138,0.0970
GBMIN21051-13|Saga campbelli gracilis|COI-5P|GU206250,GBMIN21342-13|Trimerotropis cyaneipennis|COI-5P|JQ513040,0.4284,0.1025
GBMIN21063-13|Saga hellenica|COI-5P|GU206253,GBMIN21342-13|Trimerotropis cyaneipennis|COI-5P|JQ513040,0.4233,0.1004
GBMIN21057-13|Saga pedo|COI-5P|GU206265,GBMIN21342-13|Trimerotropis cyaneipennis|COI-5P|JQ513040,0.4492,0.1073
GBMIN21043-13|Saga rammei|COI-5P|GU206266,GBMIN21342-13|Trimerotropis cyaneipennis|COI-5P|JQ513040,0.4334,0.1014
GBMOR127-09|Stenobothrus clavatus|COI-5P|FJ555546,GBMIN21342-13|Trimerotropis cyaneipennis|COI-5P|JQ513040,0.1757,0.0444
GBMOR550-13|Teleogryllus commodus|COI-5P|JQ686193,GBMIN21342-13|Trimerotropis cyaneipennis|COI-5P|JQ513040,0.3614,0.0853
GBMNA10921-19|Teleogryllus oceanicus|COI-5P|KT824636,GBMIN21342-13|Trimerotropis cyaneipennis|COI-5P|JQ513040,0.2987,0.0697
TTOFW599-08|Trimerotropis agrestis|COI-5P|KM534416,GBMIN21342-13|Trimerotropis cyaneipennis|COI-5P|JQ513040,0.0873,0.0261
BBOWC216-11|Allonemobius fasciatus|COI-5P|KM534562,GBMIN12093-13|Trimerotropis maritima|COI-5P|JQ286498,0.3896,0.0936
FBORT332-10|Chorthippus albomarginatus|COI-5P|HM902097,GBMIN12093-13|Trimerotropis maritima|COI-5P|JQ286498,0.2302,0.0551
FBORT554-13|Chorthippus biguttulus|COI-5P|NA,GBMIN12093-13|Trimerotropis maritima|COI-5P|JQ286498,0.2149,0.0516
ANBIO142-19|Chorthippus brunneus|COI-5P|NA,GBMIN12093-13|Trimerotropis maritima|COI-5P|JQ286498,0.2220,0.0527
GBMOR1464-15|Chorthippus jacobsi|COI-5P|KM095633,GBMIN12093-13|Trimerotropis maritima|COI-5P|JQ286498,0.2149,0.0516
GBMOR513-13|Chorthippus karelini bruttius|COI-5P|HQ738932,GBMIN12093-13|Trimerotropis maritima|COI-5P|JQ286498,0.2302,0.0559
GBMOR510-13|Chorthippus karelini karelini|COI-5P|HQ738935,GBMIN12093-13|Trimerotropis maritima|COI-5P|JQ286498,0.2302,0.0559
FBORT551-13|Chorthippus mollis|COI-5P|NA,GBMIN12093-13|Trimerotropis maritima|COI-5P|JQ286498,0.2149,0.0516
GBORT879-15|Chorthippus mollis ignifer|COI-5P|NA,GBMIN12093-13|Trimerotropis maritima|COI-5P|JQ286498,0.2009,0.0489
FBORT384-10|Chorthippus montanus|COI-5P|HQ955734,GBMIN12093-13|Trimerotropis maritima|COI-5P|JQ286498,0.2220,0.0537
GBMOR503-13|Chorthippus oschei oschei|COI-5P|HQ738942,GBMIN12093-13|Trimerotropis maritima|COI-5P|JQ286498,0.2302,0.0559
GBMOR502-13|Chorthippus oschei pusztaensis|COI-5P|HQ738943,GBMIN12093-13|Trimerotropis maritima|COI-5P|JQ286498,0.2230,0.0537
GBMH1970-06|Chorthippus parallelus|COI-5P|X95574,GBMIN12093-13|Trimerotropis maritima|COI-5P|JQ286498,0.2299,0.0553
GBMOR2772-19|Chorthippus parallelus erythropus|COI-5P|JQ580901,GBMIN12093-13|Trimerotropis maritima|COI-5P|JQ286498,0.2299,0.0553
GBMOR2773-19|Chorthippus parallelus parallelus|COI-5P|JQ580902,GBMIN12093-13|Trimerotropis maritima|COI-5P|JQ286498,0.2227,0.0538
GBORT1100-15|Euchorthippus pulvinatus|COI-5P|NA,GBMIN12093-13|Trimerotropis maritima|COI-5P|JQ286498,0.1937,0.0472
GBUPS010-14|Gryllus assimilis|COI-5P|NA,GBMIN12093-13|Trimerotropis maritima|COI-5P|JQ286498,0.3060,0.0736
AGIRI310-17|Gryllus bimaculatus|COI-5P|NA,GBMIN12093-13|Trimerotropis maritima|COI-5P|JQ286498,0.3052,0.0725
FBORT190-09|Gryllus campestris|COI-5P|GU706131,GBMIN12093-13|Trimerotropis maritima|COI-5P|JQ286498,0.3071,0.0734
ORTBB339-12|Gryllus firmus|COI-5P|NA,GBMIN12093-13|Trimerotropis maritima|COI-5P|JQ286498,0.2972,0.0721
BBOWC295-12|Gryllus pennsylvanicus|COI-5P|KM535644,GBMIN12093-13|Trimerotropis maritima|COI-5P|JQ286498,0.3052,0.0729
ORTBB354-12|Gryllus rubens|COI-5P|NA,GBMIN12093-13|Trimerotropis maritima|COI-5P|JQ286498,0.3533,0.0834
GBMOR2940-19|Hemideina crassidens|COI-5P|FJ481427,GBMIN12093-13|Trimerotropis maritima|COI-5P|JQ286498,0.3671,0.0885
GBMNA10952-19|Hexacentrus japonicus|COI-5P|KX057713,GBMIN12093-13|Trimerotropis maritima|COI-5P|JQ286498,0.3828,0.0899
GBMND7300-21|Hexacentrus japonicus hareyamai|COI-5P|MW291067,GBMIN12093-13|Trimerotropis maritima|COI-5P|JQ286498,0.3495,0.0847
GBMIN15418-13|Hexacentrus japonicus japonicus|COI-5P|HQ609243,GBMIN12093-13|Trimerotropis maritima|COI-5P|JQ286498,0.4026,0.0954
GBMNA17665-19|Hexacentrus unicolor|COI-5P|NC 033999,GBMIN12093-13|Trimerotropis maritima|COI-5P|JQ286498,0.3409,0.0832
JSOIE019-12|Melanoplus sanguinipes|COI-5P|NA,GBMIN12093-13|Trimerotropis maritima|COI-5P|JQ286498,0.2050,0.0521
GBMH1835-06|Orchelimum nigripes|COI-5P|DQ649490,GBMIN12093-13|Trimerotropis maritima|COI-5P|JQ286498,0.3896,0.0947
GBMIN29642-13|Saga campbelli|COI-5P|HQ717163,GBMIN12093-13|Trimerotropis maritima|COI-5P|JQ286498,0.3797,0.0911
GBMIN21053-13|Saga campbelli campbelli|COI-5P|GU206246,GBMIN12093-13|Trimerotropis maritima|COI-5P|JQ286498,0.3696,0.0877
GBMIN21051-13|Saga campbelli gracilis|COI-5P|GU206250,GBMIN12093-13|Trimerotropis maritima|COI-5P|JQ286498,0.3899,0.0934
GBMIN21063-13|Saga hellenica|COI-5P|GU206253,GBMIN12093-13|Trimerotropis maritima|COI-5P|JQ286498,0.4202,0.0993
GBMIN21057-13|Saga pedo|COI-5P|GU206265,GBMIN12093-13|Trimerotropis maritima|COI-5P|JQ286498,0.3889,0.0933
GBMIN21043-13|Saga rammei|COI-5P|GU206266,GBMIN12093-13|Trimerotropis maritima|COI-5P|JQ286498,0.4397,0.1031
GBMOR127-09|Stenobothrus clavatus|COI-5P|FJ555546,GBMIN12093-13|Trimerotropis maritima|COI-5P|JQ286498,0.2134,0.0512
GBMOR550-13|Teleogryllus commodus|COI-5P|JQ686193,GBMIN12093-13|Trimerotropis maritima|COI-5P|JQ286498,0.3609,0.0871
GBMNA10921-19|Teleogryllus oceanicus|COI-5P|KT824636,GBMIN12093-13|Trimerotropis maritima|COI-5P|JQ286498,0.2946,0.0690
TTOFW599-08|Trimerotropis agrestis|COI-5P|KM534416,GBMIN12093-13|Trimerotropis maritima|COI-5P|JQ286498,0.0054,0.0054
GBMIN21342-13|Trimerotropis cyaneipennis|COI-5P|JQ513040,GBMIN12093-13|Trimerotropis maritima|COI-5P|JQ286498,0.0935,0.0272
