Order	Suborder	Family	Sp1	Sp2	Condition	MainTopic	Authors	Year	Article
Orthoptera	Ensifera	Gryllidae	Allonemobius fasciatus	Allonemobius socius	Field	Yes	GREGORY, PG; HOWARD, DJ.	1993	LABORATORY HYBRIDIZATION STUDIES OF ALLONEMOBIUS-FASCIATUS AND A-SOCIUS (ORTHOPTERA, GRYLLIDAE)
Orthoptera	Ensifera	Gryllidae	Allonemobius shalontaki	Allonemobius socius	Laboratory	Yes	Birge, LM; Braswell, WE; Howard, DJ.	2007	A component of isolation between Allonemobius shalontaki (Orthoptera : Gryllidae : Nemobiinae) and a sympatric congener
Orthoptera	Caelifera	Acrididae	Chorthippus albomarginatus	Chorthippus karelini	Field	Yes	Vedenina, VY.	2015	COURTSHIP SONG ANALYSIS IN TWO HYBRID ZONES BETWEEN SIBLING SPECIES OF THE CHORTHIPPUS ALBOMARGINATUS GROUP (ORTHOPTERA, GOMPHOCERINAE)
Orthoptera	Caelifera	Acrididae	Chorthippus albomarginatus	Chorthippus oschei	Field	Yes	Vedenina, V; Holusa, J; Kocarek, P.	2009	THE CHORTHIPPUS ALBOMARGINATUS-GROUP (ORTHOPTERA: ACRIDIDAE: GOMPHOCERINAE) IN THE CARPATHIAN BASIN: TRACES OF HYBRIDIZATION BETWEEN C. ALBOMARGINATUS AND C. OSCHEI IN SOUTHERN SLOVAKIA
Orthoptera	Caelifera	Acrididae	Chorthippus biguttulus	Chorthippus brunneus	Field	Yes	Gottsberger, B; Mayer, F.	2007	Behavioral sterility of hybrid males in acoustically communicating grasshoppers (Acrididae, Gomphocerinae)
Orthoptera	Caelifera	Acrididae	Chorthippus biguttulus	Chorthippus mollis	Laboratory	Yes	Finck, J; Ronacher, B.	2017	Components of reproductive isolation between the closely related grasshopper species Chorthippus biguttulus and C. mollis
Orthoptera	Caelifera	Acrididae	Chorthippus brunneus	Chorthippus jacobsi	Field	Yes	Saldamando, CI; Tatsuta, H; Butlin, RK.	2005	Hybrids between Chorthippus brunneus and C-jacobsi (Orthoptera : Acrididae) do not show endogenous postzygotic isolation
Orthoptera	Caelifera	Acrididae	Chorthippus karelini	Chorthippus oschei	Field	Yes	Vedenina, VY.	2015	COURTSHIP SONG ANALYSIS IN TWO HYBRID ZONES BETWEEN SIBLING SPECIES OF THE CHORTHIPPUS ALBOMARGINATUS GROUP (ORTHOPTERA, GOMPHOCERINAE)
Orthoptera	Caelifera	Acrididae	Chorthippus mollis	Chorthippus biguttulus	Field	Yes	Gottsberger, B; Mayer, F.	2019	Dominance effects strengthen premating hybridization barriers between sympatric species of grasshoppers (Acrididae, Orthoptera)
Orthoptera	Caelifera	Acrididae	Chorthippus mollis	Chorthippus biguttulus	Field	Yes	RAGGE, DR.	1984	THE LE BROC GRASSHOPPER POPULATION - FURTHER EVIDENCE OF ITS HYBRID STATUS (ORTHOPTERA, ACRIDIDAE)
Orthoptera	Caelifera	Acrididae	Chorthippus montanus	Chorthippus parallelus	Field	Yes	Rohde, K; Hau, Y; Weyer, J; Hochkirch, A.	2015	Wide prevalence of hybridization in two sympatric grasshopper species may be shaped by their relative abundances
Orthoptera	Caelifera	Acrididae	Chorthippus parallelus	Chorthippus montanus	Laboratory	Yes	Hochkirch, A; Lemke, I.	2011	Asymmetric mate choice, hybridization, and hybrid fitness in two sympatric grasshopper species
Orthoptera	Ensifera	Prophalangopsidae	Cyphoderris buckelli	Cyphoderris monstrosa	Laboratory	Yes	Dupuis, JR; Judge, KA; Brunet, BMT; Chan, SO; Sperling, FAH.	2020	Does hunger lead to hybridization in a genus of sexually cannibalistic insects (Orthoptera: Prophalangopsidae)?
Orthoptera	Caelifera	Acrididae	Euchorthippus pulvinatus	Euchorthippus chopardi	Laboratory	Yes	SANTOS, JL; ARANA, P; HENRIQUESGIL, N.	1991	CYTOGENETICS OF 2 INTERSPECIFIC SYNTHETIC HYBRIDS OF THE GRASSHOPPER GENUS EUCHORTHIPPUS
Orthoptera	Ensifera	Gryllidae	Gryllus assimilis	Gryllus multipulsator	Laboratory	Yes	Weissman, DB; Walker, TJ; Gray, DA.	2009	The Field Cricket Gryllus assimilis and Two New Sister Species (Orthoptera: Gryllidae)
Orthoptera	Ensifera	Gryllidae	Gryllus bimaculatus	Gryllus campestris	Field	Yes	Veen, T; Faulks, J; Tyler, F; Lloyd, J; Tregenza, T.	2013	Diverse reproductive barriers in hybridising crickets suggests extensive variation in the evolution and maintenance of isolation
Orthoptera	Ensifera	Gryllidae	Gryllus firmus	Gryllus pennsylvanicus	Field	Yes	DOHERTY, JA; STORZ, MM.	1992	CALLING SONG AND SELECTIVE PHONOTAXIS IN THE FIELD CRICKETS, GRYLLUS-FIRMUS AND G-PENNSYLVANICUS (ORTHOPTERA, GRYLLIDAE)
Orthoptera	Ensifera	Gryllidae	Gryllus fultoni	Gryllus cayensis	Laboratory	Yes	Walker, TJ.	2001	Gryllus cayensis n. sp (Orthoptera : Gryllidae), a taciturn wood cricket extirpated from the Florida Keys: Songs, ecology and hybrids
Orthoptera	Ensifera	Gryllidae	Gryllus rubens	Gryllus texensis	Field	Yes	Walker, TJ.	2000	Pulse rates in the songs of trilling field crickets (Orthoptera : Gryllidae : Gryllus)
Orthoptera	Ensifera	Anostostomatidae	Hemideina ricta	Hemideina femorata	Field	Yes	MorganRichards, M; Townsend, JA.	1995	Hybridisation of tree weta on Banks Peninsula, New Zealand, and colour polymorphism within Hemideina ricta (Orthoptera: Stenopelmatidae)
Orthoptera	Ensifera	Anostostomatidae	Hemideina thoracica	Hemideina trewicki	Field	Yes	Mckean, NE; Trewick, SA; Morgan-Richards, M.	2016	Little or no gene flow despite F-1 hybrids at two interspecific contact zones
Orthoptera	Ensifera	Anostostomatidae	Hemideina thoracica	Hemideina crassidens	Field	Yes	Mckean, NE; Trewick, SA; Morgan-Richards, M.	2016	Little or no gene flow despite F-1 hybrids at two interspecific contact zones
Orthoptera	Ensifera	Tettigoniidae	Hexacentrus japonicus	Hexacentrus unicolor	Field	Yes	INAGAKI, H; SUGIMOTO, T.	1994	INTERSPECIFIC MICRODIVERGENCY IN MALE GENITALIA BETWEEN 2 SIBLING SPECIES OF THE BUSH-CRICKET GENUS HEXACENTRUS (ORTHOPTERA, TETTIGONIIDAE)
Orthoptera	Caelifera	Acrididae	Melanoplus sanguinipes	Melanoplus devastator	Field	Yes	Orr, MR.	1996	Life-history adaptation and reproductive isolation in a grasshopper hybrid zone
Orthoptera	Ensifera	Tettigoniidae	Orchelimum nigripes	Orchelimum pulchellum	Field	Yes	Shapiro, LH.	1998	Hybridization and geographic variation in two meadow katydid contact zones
Orthoptera	Caelifera	Acrididae	Phaulacridium marginale	Phaulacridium otagoense	Field	No	Sivyer, L; Morgan-Richards, M; Koot, E; Trewick, SA.	2018	Anthropogenic cause of range shifts and gene flow between two grasshopper species revealed by environmental modelling, geometric morphometrics and population genetics
Orthoptera	Ensifera	Tettigoniidae	Saga campbelli	Saga hellenica	Laboratory	Yes	Lemonnier-Darcemont, M; Dutrillaux, AM; Dutrillaux, B; Darcemont, C.	2011	Hybridation between Saga campbelli Kaltenbach 1965 and Saga hellenica Kaltenbach 1967 (Orthoptera: Tettigoniidae).
Orthoptera	Ensifera	Tettigoniidae	Saga pedo	Saga rammei	Laboratory	Yes	Lemonnier-Darcemont, M; Darcemont, C.	2007	Hybridization between Saga pedo (Pallas 1771) and Saga rammei Kaltenbach 1965 (Orthoptera : Tettigoniidae)
Orthoptera	Caelifera	Acrididae	Stenobothrus clavatus	Stenobothrus rubicundus	Field	Yes	Vedenina, V; Fahsing, S; Sradnick, J; Klopfel, A; Elsner, N.	2013	A narrow hybrid zone between the grasshoppers Stenobothrus clavatus and Stenobothrus rubicundus (Orthoptera: Gomphocerinae): female preferences for courtship songs
Orthoptera	Ensifera	Gryllidae	Teleogryllus oceanicus	Teleogryllus commodus	Laboratory	Yes	Bailey, NW; Moran, PA; Hennig, RM.	2017	Divergent mechanisms of acoustic mate recognition between closely related field cricket species (Teleogryllus spp.)
Orthoptera	Caelifera	Acrididae	Trimerotropis agrestis	Trimerotropis maritima	Field	Yes	Brust, ML; Hoback, WW; Wright, RJ.	2009	Apparent Hybridization Between Trimerotropis agrestis and Trimerotropis maritima (Orthoptera: Acrididae) in a Recently Disturbed Habitat
Orthoptera	Caelifera	Acrididae	Trimerotropis suffusa	Trimerotropis cyaneipennis	Field	Yes	JOHN, B; LIGHTFOOT, DC; WEISSMAN, DB.	1983	THE MEIOTIC BEHAVIOR OF NATURAL F1 HYBRIDS BETWEEN TRIMEROTROPIS-SUFFUSA SCUDDER AND TRIMEROTROPIS-CYANEIPENNIS BRUNER (ORTHOPTERA, OEDIPODINAE)
Lepidoptera	"Moth"	Zygaenidae	Adscita alpina	Adscita italica	Field	Yes	Efetov, KA; Kucherenko, EE; Tarmann, GM.	2020	An application of the synthetic sex attractants from the series "EFETOV-2" for studying Procridinae in Italy (Lepidoptera: Zygaenidae)
Lepidoptera	"Moth"	Noctuidae	Agrotis ipsilon	Agrotis segetum	Laboratory	Yes	Gadenne, C; Picimbon, JF; Becard, JM; LalanneCassou, B; Renou, M.	1997	Development and pheromone communication systems in hybrids of Agrotis ipsilon and Agrotis segetum (Lepidoptera: Noctuidae)
Lepidoptera	"Butterfly"	Lycaenidae	Ahlbergia frivaldszkyi	Callophrys rubi	Field	Yes	Shapoval, NA; Yakovlev, RV; Kuftina, GN; Lukhtanov, VA; Knyazev, SA; Romanovich, AE; Krupitsky, AV. 2021	2021	Identification of Natural Hybrids between Ahlbergia frivaldszkyi (Lederer, 1853) and Callophrys rubi (Linnaeus, 1758) (Lepidoptera, Lycaenidae) Using Mitochondrial and Nuclear Markers
Lepidoptera	"Butterfly"	Nymphalidae	Anartia amathea	Anartia fatima	Field	Yes	Dasmahapatra, KK; Blum, MJ; Aiello, A; Hackwell, S; Davies, N; Bermingham, EP; Mallett, T.	2002	Inferences from a rapidly moving hybrid zone
Lepidoptera	"Moth"	Saturniidae	Antheraea pernyi	Antheraea roylei	Field	Yes	Yang, J; Zhang, RS; Chen, DB; Chen, MM; Li, YP; Liu, YQ.	2019	The complete mitochondrial genome of Antheraea proylei strain In981 (Lepidoptera: Saturniidae)
Lepidoptera	"Moth"	Saturniidae	Antheraea pernyi	Antheraea yamamai	Laboratory	Yes	SHIMADA, T; YAMAUCHI, H; KOBAYASHI, M.	1988	DIAPAUSE OF THE INTER-SPECIFIC F1 HYBRIDS BETWEEN ANTHERAEA-YAMAMAI (GUERIN-MENEVILLE) AND ANTHERAEA-PERNYI (G-M) (LEPIDOPTERA, SATURNIIDAE)
Lepidoptera	"Butterfly"	Pieridae	Anthocharis cardamines	Anthocharis euphenoides	Laboratory	Yes	Presgraves, DC.	2002	Patterns of postzygotic isolation in Lepidoptera
Lepidoptera	"Butterfly"	Pieridae	Anthocharis cardamines	Euchloe ausonia	Laboratory	Yes	Presgraves, DC.	2002	Patterns of postzygotic isolation in Lepidoptera
Lepidoptera	"Butterfly"	Pieridae	Anthocharis cardamines	Euchloe simplonia	Laboratory	Yes	Presgraves, DC.	2002	Patterns of postzygotic isolation in Lepidoptera
Lepidoptera	"Butterfly"	Lycaenidae	Aricia agestis	Aricia artaxerxes	Field	Yes	Aagaard, K; Hindar, K; Pullin, AS; James, CH; Hammarstedt, O; Balstad, T; Hanssen, O.	2002	Phylogenetic relationships in brown argus butterflies (Lepidoptera : Lycaenidae : Aricia) from north-western Europe
Lepidoptera	"Butterfly"	Lycaenidae	Aricia agestis	Polyommatus artaxerxes	Field	Yes	Mallet, J; Wynne, IR; Thomas, CD.	2011	Hybridisation and climate change: brown argus butterflies in Britain (Polyommatus subgenus Aricia)
Lepidoptera	"Moth"	Saturniidae	Callosamia angulifera	Callosamia promethea	Laboratory	Yes	Presgraves, DC.	2002	Patterns of postzygotic isolation in Lepidoptera
Lepidoptera	"Moth"	Saturniidae	Callosamia angulifera	Callosamia securifera	Laboratory	Yes	Presgraves, DC.	2002	Patterns of postzygotic isolation in Lepidoptera
Lepidoptera	"Moth"	Saturniidae	Callosamia angulifera	Hyalophora cecropia	Laboratory	Yes	Presgraves, DC.	2002	Patterns of postzygotic isolation in Lepidoptera
Lepidoptera	"Moth"	Saturniidae	Callosamia promethea	Callosamia securifera	Laboratory	Yes	Presgraves, DC.	2002	Patterns of postzygotic isolation in Lepidoptera
Lepidoptera	"Moth"	Notodontidae	Cerura erminea	Cerura vinula	Laboratory	Yes	Presgraves, DC.	2002	Patterns of postzygotic isolation in Lepidoptera
Lepidoptera	"Moth"	Noctuidae	Chloridea subflexa	Chloridea virescens	Laboratory	Yes	GOODPASTURE, C; LACHANCE, LE; RICHARD, RD.	1980	PERSISTENCE OF ABNORMAL SPERMIOGENESIS IN THE BACKCROSS GENERATIONS OF INTERSPECIFIC HYBRIDS BETWEEN HELIOTHIS-VIRESCENS X HELIOTHISSUBFLEXA (LEPIDOPTERA, NOCTUIDAE)
Lepidoptera	"Moth"	Tortricidae	Choristoneura biennis	Choristoneura fumiferana	Laboratory	Yes	Presgraves, DC.	2002	Patterns of postzygotic isolation in Lepidoptera
Lepidoptera	"Moth"	Tortricidae	Choristoneura biennis	Choristoneura occidentalis	Laboratory	Yes	Nealis, VG.	2005	Diapause and voltinism in western and 2-year-cycle spruce budworms (Lepidoptera : Tortricidae) and their hybrid progeny
Lepidoptera	"Moth"	Tortricidae	Choristoneura fumiferana	Choristoneura occidentalis	Laboratory	Yes	Presgraves, DC.	2002	Patterns of postzygotic isolation in Lepidoptera
Lepidoptera	"Moth"	Tortricidae	Choristoneura fumiferana	Choristoneura pinus	Field	Yes	Deverno, LL; Smith, GA; Harrison, KJ.	1998	Randomly amplified polymorphic DNA evidence of introgression in two closely related sympatric species of coniferophagous Choristoneura (Lepidoptera : Tortricidae) in Atlantic Canada
Lepidoptera	"Moth"	Tortricidae	Choristoneura fumiferana	Choristoneura retiniana	Laboratory	Yes	Presgraves, DC.	2002	Patterns of postzygotic isolation in Lepidoptera
Lepidoptera	"Moth"	Tortricidae	Choristoneura occidentalis	Choristoneura pinus	Laboratory	Yes	Presgraves, DC.	2002	Patterns of postzygotic isolation in Lepidoptera
Lepidoptera	"Moth"	Tortricidae	Choristoneura occidentalis	Choristoneura retiniana	Laboratory	Yes	VOLNEY, WJA; LIEBHOLD, AM.	1985	POSTDIAPAUSE DEVELOPMENT OF SYMPATRIC CHORISTONEURA-OCCIDENTALIS AND CHORISTONEURA-RETINIANA (LEPIDOPTERA, TORTRICIDAE) AND THEIR HYBRIDS
Lepidoptera	"Moth"	Tortricidae	Choristoneura pinus	Choristoneura retiniana	Laboratory	Yes	Presgraves, DC.	2002	Patterns of postzygotic isolation in Lepidoptera
Lepidoptera	"Moth"	Saturniidae	Citheronia regalis	Citheronia splendens	Laboratory	Yes	Adamski, D; Marques, D; Mayo, KG; Mayo, R.	2019	DESCRIPTION OF LARVAL AND PUPAL STAGES OF A BILATERAL GYNANDROMORPH REARED FROM A CROSS BETWEEN CITHERONIA REGALIS (FABR.) AND C. SPLENDENS (DRUCE) (LEPIDOPTERA: SATURNIIDAE)
Lepidoptera	"Moth"	Notodontidae	Clostera anachoreta	Clostera curtula	Laboratory	Yes	Presgraves, DC.	2002	Patterns of postzygotic isolation in Lepidoptera
Lepidoptera	"Moth"	Notodontidae	Clostera anachoreta	Clostera pigra	Laboratory	Yes	Presgraves, DC.	2002	Patterns of postzygotic isolation in Lepidoptera
Lepidoptera	"Moth"	Notodontidae	Clostera apicalis	Clostera pigra	Laboratory	Yes	Presgraves, DC.	2002	Patterns of postzygotic isolation in Lepidoptera
Lepidoptera	"Moth"	Notodontidae	Clostera curtula	Clostera pigra	Laboratory	Yes	Presgraves, DC.	2002	Patterns of postzygotic isolation in Lepidoptera
Lepidoptera	"Butterfly"	Nymphalidae	Coenonympha arcania	Coenonympha gardetta	Field	Yes	Capblancq, T; Despres, L; Rioux, D; Mavarez, J.	2015	Hybridization promotes speciation in Coenonympha butterflies
Lepidoptera	"Butterfly"	Pieridae	Colias alexandra	Colias eurytheme	Laboratory	Yes	Presgraves, DC.	2002	Patterns of postzygotic isolation in Lepidoptera
Lepidoptera	"Butterfly"	Pieridae	Colias alfacariensis	Colias hyale	Laboratory	Yes	Presgraves, DC.	2002	Patterns of postzygotic isolation in Lepidoptera
Lepidoptera	"Butterfly"	Pieridae	Colias crocea	Colias erate	Field	Yes	Milovanov, AE; Simchuk, AP; Ivashov, AV.	2004	Polymorphism in syntopic populations of Colias crocea and C-erate (Lepidoptera, Pieridae) in the Crimea
Lepidoptera	"Butterfly"	Pieridae	Colias crocea	Colias hyale	Field	Yes	Presgraves, DC.	2002	Patterns of postzygotic isolation in Lepidoptera
Lepidoptera	"Butterfly"	Pieridae	Colias erate	Colias eurytheme	Laboratory	Yes	Presgraves, DC.	2002	Patterns of postzygotic isolation in Lepidoptera
Lepidoptera	"Butterfly"	Pieridae	Colias eurytheme	Colias interior	Field	Yes	Presgraves, DC.	2002	Patterns of postzygotic isolation in Lepidoptera
Lepidoptera	"Butterfly"	Pieridae	Colias eurytheme	Colias philodice	Field	Yes	Presgraves, DC.	2002	Patterns of postzygotic isolation in Lepidoptera
Lepidoptera	"Butterfly"	Pieridae	Colias interior	Colias philodice	Laboratory	Yes	KAROWE, DN.	1994	DIAPAUSE DYNAMICS AMD HOST-PLANT UTILIZATION OF COLIAS-PHILODICE, COLIAS-INTERIOR AND THEIR HYBRIDS (LEPIDOPTERA, PIERIDAE)
Lepidoptera	"Butterfly"	Nymphalidae	Danaus erippus	Danaus plexippus	Laboratory	Yes	Hay-Roe, MM; Lamas, G; Nation, JL.	2007	Pre- and postzygotic isolation and Haldane rule effects in reciprocal crosses of Danaus erippus and Danaus plexippus (Lepidoptera : Danainae), supported by differentiation of cuticular hydrocarbons, establish their status as separate species
Lepidoptera	"Moth"	Sphingidae	Deilephila elpenor	Deilephila porcellus	Field	Yes	Presgraves, DC.	2002	Patterns of postzygotic isolation in Lepidoptera
Lepidoptera	"Moth"	Drepanidae	Drepana curvatula	Drepana falcataria	Laboratory	Yes	Presgraves, DC.	2002	Patterns of postzygotic isolation in Lepidoptera
Lepidoptera	"Butterfly"	Pieridae	Enantia albania	Enantia jethys	Field	Yes	Jasso-Martinez, JM; Machkour-M'Rabet, S; Vila, R; Rodriguez-Arnaiz, R; Castaneda-Sortibran, AN.	2018	Molecular evidence of hybridization in sympatric populations of the Enantia jethys complex (Lepidoptera: Pieridae)
Lepidoptera	"Butterfly"	Pieridae	Enantia albania	Enantia mazai	Field	Yes	Jasso-Martinez, JM; Machkour-M'Rabet, S; Vila, R; Rodriguez-Arnaiz, R; Castaneda-Sortibran, AN.	2018	Molecular evidence of hybridization in sympatric populations of the Enantia jethys complex (Lepidoptera: Pieridae)
Lepidoptera	"Moth"	Geometridae	Epirrita autumnata	Epirrita dilutata	Laboratory	Yes	Presgraves, DC.	2002	Patterns of postzygotic isolation in Lepidoptera
Lepidoptera	"Moth"	Geometridae	Epirrita autumnata	Epirrita filigrammaria	Laboratory	Yes	Presgraves, DC.	2002	Patterns of postzygotic isolation in Lepidoptera
Lepidoptera	"Moth"	Geometridae	Epirrita dilutata	Epirrita filigrammaria	Laboratory	Yes	Presgraves, DC.	2002	Patterns of postzygotic isolation in Lepidoptera
Lepidoptera	"Butterfly"	Nymphalidae	Erebia calcarius	Erebia cassioides	Laboratory	Yes	Presgraves, DC.	2002	Patterns of postzygotic isolation in Lepidoptera
Lepidoptera	"Butterfly"	Nymphalidae	Erebia calcarius	Erebia tyndarus	Laboratory	Yes	Presgraves, DC.	2002	Patterns of postzygotic isolation in Lepidoptera
Lepidoptera	"Butterfly"	Nymphalidae	Erebia cassioides	Erebia nivalis	Laboratory	Yes	Presgraves, DC.	2002	Patterns of postzygotic isolation in Lepidoptera
Lepidoptera	"Butterfly"	Nymphalidae	Erebia cassioides	Erebia tyndarus	Laboratory	Yes	Presgraves, DC.	2002	Patterns of postzygotic isolation in Lepidoptera
Lepidoptera	"Butterfly"	Nymphalidae	Erebia epiphron	Erebia pronoe	Field	Yes	Michel, F; Meglecz, E; Martin, JF; Descimon, H.	2013	Erebia serotina Descimon & de Lesse 1953 (Lepidoptera: Nymphalidae), a recurrent hybrid between two distantly related species
Lepidoptera	"Moth"	Noctuidae	Euxoa declarata	Euxoa rockburnei	Laboratory	Yes	TEAL, PEA.	1985	THE EFFECT OF HYBRIDIZATION ON THE PERIODICITY OF SEX-PHEROMONE RELEASE OF EUXOA SPECIES (LEPIDOPTERA, NOCTUIDAE)
Lepidoptera	"Moth"	Sphingidae	Gnathothlibus eras	Philodila astyanor	Field	Yes	Rougerie, R; Haxaire, J; Kitching, IJ; Hebert, PDN.	2012	DNA barcodes and morphology reveal a hybrid hawkmoth in Tahiti (Lepidoptera: Sphingidae)
Lepidoptera	"Butterfly"	Nymphalidae	Heliconius charithonia	Heliconius peruvianus	Field	Yes	Jiggins, CD; Davies, N.	1998	Genetic evidence for a sibling species of Heliconius charithonia (Lepidoptera; Nymphalidae)
Lepidoptera	"Butterfly"	Nymphalidae	Heliconius cydno	Heliconius heurippa	Laboratory	Yes	Merot, C; Salazar, C; Merrill, RM; Jiggins, CD; Joron, M.	2017	What shapes the continuum of reproductive isolation? Lessons from Heliconius butterflies
Lepidoptera	"Butterfly"	Nymphalidae	Heliconius cydno	Heliconius ismenius	Laboratory	Yes	Presgraves, DC.	2002	Patterns of postzygotic isolation in Lepidoptera
Lepidoptera	"Butterfly"	Nymphalidae	Heliconius cydno	Heliconius melpomene	Field	Yes	BROWN, KS; EMMEL, TC; ELIAZAR, PJ; SUOMALAINEN, E.	1992	EVOLUTIONARY PATTERNS IN CHROMOSOME-NUMBERS IN NEOTROPICAL LEPIDOPTERA .1. CHROMOSOMES OF THE HELICONIINI (FAMILY NYMPHALIDAE, SUBFAMILY NYMPHALINAE)
Lepidoptera	"Butterfly"	Nymphalidae	Heliconius cydno	Heliconius melpomene	Field	Yes	Presgraves, DC.	2002	Patterns of postzygotic isolation in Lepidoptera
Lepidoptera	"Butterfly"	Nymphalidae	Heliconius cydno	Heliconius pachinus	Field	Yes	Kronforst, MR; Young, LG; Blume, LM; Gilbert, LE.	2006	Multilocus analyses of admixture and introgression among hybridizing Heliconius butterflies
Lepidoptera	"Butterfly"	Nymphalidae	Heliconius erato	Heliconius himera	Field	Yes	Jiggins, CD; McMillan, WO; Neukirchen, W; Mallet, J.	1996	What can hybrid zones tell us about speciation? The case of Heliconius erato and H-himera (Lepidoptera: Nymphalidae)
Lepidoptera	"Butterfly"	Nymphalidae	Heliconius heurippa	Heliconius melpomene	Laboratory	Yes	Merot, C; Salazar, C; Merrill, RM; Jiggins, CD; Joron, M.	2017	What shapes the continuum of reproductive isolation? Lessons from Heliconius butterflies
Lepidoptera	"Butterfly"	Nymphalidae	Heliconius heurippa	Heliconius tristero	Field	Yes	Brower, AVZ.	1996	A new mimetic species of Heliconius (Lepidoptera:Nymphalidae), from southeastern Colombia, revealed by cladistic analysis of mitochondrial DNA sequences
Lepidoptera	"Butterfly"	Nymphalidae	Heliconius melpomene	Heliconius pachinus	Field	Yes	Kronforst, MR; Young, LG; Blume, LM; Gilbert, LE.	2006	Multilocus analyses of admixture and introgression among hybridizing Heliconius butterflies
Lepidoptera	"Butterfly"	Nymphalidae	Heliconius melpomene	Heliconius timareta	Field	Yes	Merot, C; Mavarez, J; Evin, A; Dasmahapatra, KK; Mallet, J; Lamas, G; Joron, M.	2013	Genetic differentiation without mimicry shift in a pair of hybridizing Heliconius species (Lepidoptera: Nymphalidae)
Lepidoptera	"Moth"	Noctuidae	Helicoverpa armigera	Helicoverpa assulta	Laboratory	Yes	Wang, CZ; Dong, JF.	2001	Interspecific hybridization of Helicoverpa armigera and H-assulta (Lepidoptera : Noctuidae)
Lepidoptera	"Moth"	Noctuidae	Helicoverpa armigera	Helicoverpa zea	Laboratory	Yes	LASTER, ML; SHENG, CF.	1995	SEARCH FOR HYBRID STERILITY FOR HELICOVERPA-ZEA IN CROSSES BETWEEN THE NORTH-AMERICAN HELIOTHIS-ZEA AND HELICOVERPA-ARMIGERA (LEPIDOPTERA, NOCTUIDAE) FROM CHINA
Lepidoptera	"Moth"	Saturniidae	Hyalophora cecropia	Hyalophora columbia	Field	Yes	FERGE, LA.	1983	DISTRIBUTION AND HYBRIDIZATION OF HYALOPHORA-COLUMBIA (LEPIDOPTERA, SATURNIIDAE) IN WISCONSIN
Lepidoptera	"Moth"	Saturniidae	Hyalophora cecropia	Hyalophora euryalus	Field	Yes	Presgraves, DC.	2002	Patterns of postzygotic isolation in Lepidoptera
Lepidoptera	"Moth"	Saturniidae	Hyalophora cecropia	Hyalophora gloveri	Field	Yes	Presgraves, DC.	2002	Patterns of postzygotic isolation in Lepidoptera
Lepidoptera	"Moth"	Saturniidae	Hyalophora columbia	Hyalophora euryalus	Field	Yes	Collins, MM.	1997	Hybridization and speciation in Hyalophora (Insecta: Lepidoptera: Saturniidae): A reappraisal of W.R. Sweadner's classic study of a hybrid zone
Lepidoptera	"Moth"	Saturniidae	Hyalophora euryalus	Hyalophora gloveri	Field	Yes	Presgraves, DC.	2002	Patterns of postzygotic isolation in Lepidoptera
Lepidoptera	"Moth"	Noctuidae	Hydraecia immanis	Hydraecia micacea	Field	Yes	SCRIBER, JM; BOSSART, JL; SNIDER, D.	1992	DIAGNOSTIC ALLELES FROM ELECTROPHORESIS DISTINGUISH 2 NOCTUID PEST SPECIES, HYDRAECIA-IMMANIS AND H-MICACEA (LEPIDOPTERA, NOCTUIDAE)
Lepidoptera	"Moth"	Sphingidae	Hyles chamyla	Hyles hippophaes	Field	Yes	Patzold, F; Marabuto, E; Daneck, H; O'Neill, MA; Kitching, IJ; Hundsdoerfer, AK.	2021	The Phylogenetics and Biogeography of the Central Asian Hawkmoths, Hyles hippophaes and H. chamyla: Can Mitogenomics and Machine Learning Bring Clarity?
Lepidoptera	"Moth"	Sphingidae	Hyles dahlii	Hyles gallii	Laboratory	Yes	Presgraves, DC.	2002	Patterns of postzygotic isolation in Lepidoptera
Lepidoptera	"Moth"	Sphingidae	Hyles euphorbiae	Deilephila elpenor	Laboratory	Yes	Presgraves, DC.	2002	Patterns of postzygotic isolation in Lepidoptera
Lepidoptera	"Moth"	Sphingidae	Hyles euphorbiae	Deilephila porcellus	Laboratory	Yes	Presgraves, DC.	2002	Patterns of postzygotic isolation in Lepidoptera
Lepidoptera	"Moth"	Sphingidae	Hyles euphorbiae	Hyles gallii	Laboratory	Yes	Presgraves, DC.	2002	Patterns of postzygotic isolation in Lepidoptera
Lepidoptera	"Moth"	Sphingidae	Hyles euphorbiae	Hyles hippophaes	Laboratory	Yes	Presgraves, DC.	2002	Patterns of postzygotic isolation in Lepidoptera
Lepidoptera	"Moth"	Sphingidae	Hyles euphorbiae	Hyles lineata	Laboratory	Yes	Presgraves, DC.	2002	Patterns of postzygotic isolation in Lepidoptera
Lepidoptera	"Moth"	Sphingidae	Hyles euphorbiae	Hyles tithymali	Field	Yes	Hundsdoerfer, AK; Mende, MB; Harbich, H; Pittaway, AR; Kitching, IJ.	2011	Larval pattern morphotypes in the Western Palaearctic Hyles euphorbiae complex (Lepidoptera: Sphingidae: Macroglossinae)
Lepidoptera	"Moth"	Sphingidae	Hyles euphorbiae	Hyles vespertilio	Laboratory	Yes	Presgraves, DC.	2002	Patterns of postzygotic isolation in Lepidoptera
Lepidoptera	"Moth"	Sphingidae	Hyles gallii	Deilephila elpenor	Laboratory	Yes	Presgraves, DC.	2002	Patterns of postzygotic isolation in Lepidoptera
Lepidoptera	"Moth"	Sphingidae	Hyles gallii	Deilephila porcellus	Laboratory	Yes	Presgraves, DC.	2002	Patterns of postzygotic isolation in Lepidoptera
Lepidoptera	"Moth"	Sphingidae	Hyles gallii	Hyles hippophaes	Laboratory	Yes	Presgraves, DC.	2002	Patterns of postzygotic isolation in Lepidoptera
Lepidoptera	"Moth"	Sphingidae	Hyles gallii	Hyles lineata	Laboratory	Yes	Presgraves, DC.	2002	Patterns of postzygotic isolation in Lepidoptera
Lepidoptera	"Moth"	Sphingidae	Hyles gallii	Hyles livornica	Laboratory	Yes	Presgraves, DC.	2002	Patterns of postzygotic isolation in Lepidoptera
Lepidoptera	"Moth"	Sphingidae	Hyles gallii	Hyles vespertilio	Laboratory	Yes	Presgraves, DC.	2002	Patterns of postzygotic isolation in Lepidoptera
Lepidoptera	"Moth"	Sphingidae	Hyles hippophaes	Deilephila elpenor	Laboratory	Yes	Presgraves, DC.	2002	Patterns of postzygotic isolation in Lepidoptera
Lepidoptera	"Moth"	Sphingidae	Hyles hippophaes	Hyles lineata	Laboratory	Yes	Presgraves, DC.	2002	Patterns of postzygotic isolation in Lepidoptera
Lepidoptera	"Moth"	Sphingidae	Hyles hippophaes	Hyles vespertilio	Laboratory	Yes	Presgraves, DC.	2002	Patterns of postzygotic isolation in Lepidoptera
Lepidoptera	"Moth"	Sphingidae	Hyles lineata	Deilephelia elpenor	Laboratory	Yes	Presgraves, DC.	2002	Patterns of postzygotic isolation in Lepidoptera
Lepidoptera	"Moth"	Sphingidae	Hyles vespertilio	Deilephila elpenor	Laboratory	Yes	Presgraves, DC.	2002	Patterns of postzygotic isolation in Lepidoptera
Lepidoptera	"Butterfly"	Papilionidae	Iphiclides feisthamelii	Iphiclides podalirius	Field	Yes	Gaunet, A; Dinca, V; Dapporto, L; Montagud, S; Voda, R; Schar, S; Badiane, A; Font, E; Vila, R.	2019	Two consecutive Wolbachia-mediated mitochondrial introgressions obscure taxonomy in Palearctic swallowtail butterflies (Lepidoptera, Papilionidae)
Lepidoptera	"Butterfly"	Nymphalidae	Junonia coenia	Junonia zonalis	Field	Yes	Lalonde, MML; Marcus, JM.	2020	BACK TO THE FUTURE: UPDATES ON THE INVASION HISTORY OF JUNONIA BUTTERFLIES IN FLORIDA AND THE MYSTERY OF CHOKOLOSKEE
Lepidoptera	"Moth"	Sphingidae	Laothoe austauti	Smerinthus atlanticus	Laboratory	Yes	Presgraves, DC.	2002	Patterns of postzygotic isolation in Lepidoptera
Lepidoptera	"Moth"	Sphingidae	Laothoe austauti	Smerinthus ocellata	Laboratory	Yes	Presgraves, DC.	2002	Patterns of postzygotic isolation in Lepidoptera
Lepidoptera	"Moth"	Sphingidae	Laothoe populi	Smerinthus atlanticus	Laboratory	Yes	Presgraves, DC.	2002	Patterns of postzygotic isolation in Lepidoptera
Lepidoptera	"Moth"	Sphingidae	Laothoe populi	Smerinthus ocellata	Field	Yes	Presgraves, DC.	2002	Patterns of postzygotic isolation in Lepidoptera
Lepidoptera	"Butterfly"	Pieridae	Leptidea reali	Leptidea sinapis	Field	Yes	Verovnik, R; Glogovcan, P.	2007	Morphological and molecular evidence of a possible hybrid zone of Leptidea sinapis and L reali (Lepidoptera : Pieridae)
Lepidoptera	"Butterfly"	Nymphalidae	Limenitis archippus	Limenitis arthemis	Field	Yes	PLATT, AP; HARRISON, SJ.	1994	1ST RECORD OF AN HETEROTIC, ADULT FEMALE HYBRID LIMENITIS (BASILARCHIA) RUBIDUS (LEPIDOPTERA, NYMPHALIDAE)
Lepidoptera	"Butterfly"	Nymphalidae	Limenitis archippus	Limenitis lorquini	Field	Yes	Presgraves, DC.	2002	Patterns of postzygotic isolation in Lepidoptera
Lepidoptera	"Butterfly"	Nymphalidae	Limenitis archippus	Limenitis weidemeyerii	Field	Yes	Presgraves, DC.	2002	Patterns of postzygotic isolation in Lepidoptera
Lepidoptera	"Moth"	Geometridae	Lycia hirtaria	Lycia lapponaria	Laboratory	Yes	Presgraves, DC.	2002	Patterns of postzygotic isolation in Lepidoptera
Lepidoptera	"Moth"	Geometridae	Lycia hirtaria	Nyssia graecaria	Laboratory	Yes	Presgraves, DC.	2002	Patterns of postzygotic isolation in Lepidoptera
Lepidoptera	"Moth"	Geometridae	Lycia hirtaria 	Lycia isabellae	Laboratory	Yes	Presgraves, DC.	2002	Patterns of postzygotic isolation in Lepidoptera
Lepidoptera	"Moth"	Geometridae	Lycia hirtaria 	Lycia pomonaria	Laboratory	Yes	Presgraves, DC.	2002	Patterns of postzygotic isolation in Lepidoptera
Lepidoptera	"Moth"	Geometridae	Lycia hirtaria 	Lycia zonaria	Laboratory	Yes	Presgraves, DC.	2002	Patterns of postzygotic isolation in Lepidoptera
Lepidoptera	"Moth"	Geometridae	Lycia isabellae	Lycia lapponaria	Laboratory	Yes	Presgraves, DC.	2002	Patterns of postzygotic isolation in Lepidoptera
Lepidoptera	"Moth"	Geometridae	Lycia isabellae	Lycia pomonaria	Laboratory	Yes	Presgraves, DC.	2002	Patterns of postzygotic isolation in Lepidoptera
Lepidoptera	"Moth"	Geometridae	Lycia lapponaria	Lycia pomonaria	Laboratory	Yes	Presgraves, DC.	2002	Patterns of postzygotic isolation in Lepidoptera
Lepidoptera	"Moth"	Geometridae	Lycia zonaria	Lycia isabellae	Laboratory	Yes	Presgraves, DC.	2002	Patterns of postzygotic isolation in Lepidoptera
Lepidoptera	"Moth"	Geometridae	Lycia zonaria	Lycia lapponaria	Laboratory	Yes	Presgraves, DC.	2002	Patterns of postzygotic isolation in Lepidoptera
Lepidoptera	"Moth"	Geometridae	Lycia zonaria	Lycia pomonaria	Laboratory	Yes	Presgraves, DC.	2002	Patterns of postzygotic isolation in Lepidoptera
Lepidoptera	"Moth"	Geometridae	Lycia zonaria	Poecilopsis rachelae	Laboratory	Yes	Presgraves, DC.	2002	Patterns of postzygotic isolation in Lepidoptera
Lepidoptera	"Moth"	Lasiocampidae	Malacosoma castrensis	Malacosoma neustria	Laboratory	Yes	Presgraves, DC.	2002	Patterns of postzygotic isolation in Lepidoptera
Lepidoptera	"Moth"	Lasiocampidae	Malacosoma franconica	Malacosoma neustria	Laboratory	Yes	Presgraves, DC.	2002	Patterns of postzygotic isolation in Lepidoptera
Lepidoptera	"Butterfly"	Nymphalidae	Maniola chia	Maniola nurag	Field	Yes	Grill, A; de Vos, R; van Arkel, J.	2004	The shape of endemics: Notes on male and female genitalia in the genus Maniola (Schrank, 1801), (Lepidoptera, Nymphalidae, Satyrinae)
Lepidoptera	"Butterfly"	Nymphalidae	Maniola jurtina	Maniola nurag	Field	Yes	Grill, A; Gkiokia, E; Alvarez, N.	2006	Evolutionary history and patterns of differentiation among European Maniola butterflies (Lepidoptera : Satyrinae)
Lepidoptera	"Butterfly"	Nymphalidae	Melitaea acentria	Melitaea acentria	Field	Yes	Pazhenkova, EA; Lukhtanov, VA.	2021	Genomic introgression from a distant congener in the Levant fritillary butterfly, Melitaea acentria
Lepidoptera	"Butterfly"	Nymphalidae	Melitaea ornata	Melitaea phoebe	Field	Yes	Russell, P; Bartolozzi, L.	2019	A revisit to the Melitaea taxon nigrogygia Verity, 1939 (Lepidoptera: Nymphalidae) and designation of a Lectotype
Lepidoptera	"Moth"	Sphingidae	Mimas tiliae	Smerinthus ocellata	Laboratory	Yes	Presgraves, DC.	2002	Patterns of postzygotic isolation in Lepidoptera
Lepidoptera	"Moth"	Geometridae	Operophtera bruceata	Operophtera brumata	Field	Yes	TROUBRIDGE, JT; FITZPATRICK, SM.	1993	A REVISION OF THE NORTH-AMERICAN OPEROPHTERA (LEPIDOPTERA, GEOMETRIDAE)
Lepidoptera	"Moth"	Erebidae	Orgyia antiqua	Orgyia thyellina	Laboratory	Yes	Presgraves, DC.	2002	Patterns of postzygotic isolation in Lepidoptera
Lepidoptera	"Moth"	Crambidae	Ostrinia furnacalis	Ostrinia nubilalis	Field	Yes	Wang, YZ; Kim, KS; Guo, WC; Li, QY; Zhang, YY; Wang, ZY; Coates, BS.	2017	Introgression between divergent corn borer species in a region of sympatry: Implications on the evolution and adaptation of pest arthropods
Lepidoptera	"Moth"	Crambidae	Ostrinia furnacalis	Ostrinia scapulalis	Field	Yes	Bourguet, D; Ponsard, S; Streiff, R; Meusnier, S; Audiot, P; Li, J; Wang, ZY.	2014	'Becoming a species by becoming a pest' or how two maize pests of the genus Ostrinia possibly evolved through parallel ecological speciation events
Lepidoptera	"Moth"	Crambidae	Ostrinia zaguliaevi	Ostrinia zealis	Laboratory	Yes	Tabata, J; Ishikawa, Y.	2011	Genetic Basis Regulating the Sex Pheromone Blend in Ostrinia zealis (Lepidoptera: Crambidae) and Its Allies Inferred From Crossing Experiments
Lepidoptera	"Butterfly"	Papilionidae	Papilio aegeus	Papilio helenus	Laboratory	Yes	Presgraves, DC.	2002	Patterns of postzygotic isolation in Lepidoptera
Lepidoptera	"Butterfly"	Papilionidae	Papilio aegeus	Papilio maackii	Laboratory	Yes	Presgraves, DC.	2002	Patterns of postzygotic isolation in Lepidoptera
Lepidoptera	"Butterfly"	Papilionidae	Papilio aegeus	Papilio machaon	Laboratory	Yes	Presgraves, DC.	2002	Patterns of postzygotic isolation in Lepidoptera
Lepidoptera	"Butterfly"	Papilionidae	Papilio aegeus	Papilio macilentus	Laboratory	Yes	Presgraves, DC.	2002	Patterns of postzygotic isolation in Lepidoptera
Lepidoptera	"Butterfly"	Papilionidae	Papilio aegeus	Papilio polytes	Laboratory	Yes	Presgraves, DC.	2002	Patterns of postzygotic isolation in Lepidoptera
Lepidoptera	"Butterfly"	Papilionidae	Papilio aegeus	Papilio xuthus	Laboratory	Yes	Presgraves, DC.	2002	Patterns of postzygotic isolation in Lepidoptera
Lepidoptera	"Butterfly"	Papilionidae	Papilio alexiares	Papilio glaucus	Laboratory	Yes	Presgraves, DC.	2002	Patterns of postzygotic isolation in Lepidoptera
Lepidoptera	"Butterfly"	Papilionidae	Papilio alphenor	Papilio polytes	Laboratory	Yes	Presgraves, DC.	2002	Patterns of postzygotic isolation in Lepidoptera
Lepidoptera	"Butterfly"	Papilionidae	Papilio arcturus	Papilio bianor	Laboratory	Yes	Presgraves, DC.	2002	Patterns of postzygotic isolation in Lepidoptera
Lepidoptera	"Butterfly"	Papilionidae	Papilio ascalaphus	Papilio memnon	Laboratory	Yes	Presgraves, DC.	2002	Patterns of postzygotic isolation in Lepidoptera
Lepidoptera	"Butterfly"	Papilionidae	Papilio bianor	Papilio maackii	Laboratory	Yes	Presgraves, DC.	2002	Patterns of postzygotic isolation in Lepidoptera
Lepidoptera	"Butterfly"	Papilionidae	Papilio bianor	Papilio machaon	Laboratory	Yes	Presgraves, DC.	2002	Patterns of postzygotic isolation in Lepidoptera
Lepidoptera	"Butterfly"	Papilionidae	Papilio bianor	Papilio paris	Laboratory	Yes	Presgraves, DC.	2002	Patterns of postzygotic isolation in Lepidoptera
Lepidoptera	"Butterfly"	Papilionidae	Papilio bianor	Papilio polyctor	Laboratory	Yes	Presgraves, DC.	2002	Patterns of postzygotic isolation in Lepidoptera
Lepidoptera	"Butterfly"	Papilionidae	Papilio bianor	Papilio xuthus	Laboratory	Yes	Presgraves, DC.	2002	Patterns of postzygotic isolation in Lepidoptera
Lepidoptera	"Butterfly"	Papilionidae	Papilio brevicauda	Papilio machaon	Laboratory	Yes	Presgraves, DC.	2002	Patterns of postzygotic isolation in Lepidoptera
Lepidoptera	"Butterfly"	Papilionidae	Papilio brevicauda	Papilio polyxenes	Laboratory	Yes	Presgraves, DC.	2002	Patterns of postzygotic isolation in Lepidoptera
Lepidoptera	"Butterfly"	Papilionidae	Papilio canadensis	Papilio glaucus	Field	Yes	Scriber, JM; Hagen, RH; Lederhouse, RC.	1996	Genetics of mimicry in the tiger swallowtail butterflies, Papilio glaucus and P-canadensis (lepidoptera: Papilionidae)
Lepidoptera	"Butterfly"	Papilionidae	Papilio constantinus	Papilio dardanus	Laboratory	Yes	CLARKE, CA; GORDON, IJ; SMITH, CR; VANEWRIGHT, RI.	1991	PHYLOGENETIC-RELATIONSHIPS OF 3 AFRICAN SWALLOWTAIL BUTTERFLIES, PAPILIO-DARDANUS, P-PHORCAS AND P-CONSTANTINUS - NEW DATA FROM HYBRIDS (LEPIDOPTERA, PAPILIONIDAE)
Lepidoptera	"Butterfly"	Papilionidae	Papilio constantinus	Papilio phorcas	Laboratory	Yes	CLARKE, CA; GORDON, IJ; SMITH, CR; VANEWRIGHT, RI.	1991	PHYLOGENETIC-RELATIONSHIPS OF 3 AFRICAN SWALLOWTAIL BUTTERFLIES, PAPILIO-DARDANUS, P-PHORCAS AND P-CONSTANTINUS - NEW DATA FROM HYBRIDS (LEPIDOPTERA, PAPILIONIDAE)
Lepidoptera	"Butterfly"	Papilionidae	Papilio dardanus	Papilio phorcas	Field	Yes	VANEWRIGHT, RI; SMITH, CR.	1992	OCCURRENCE AND SIGNIFICANCE OF NATURAL HYBRIDS BETWEEN PAPILIO-DARDANUS AND P-PHORCAS (LEPIDOPTERA, PAPILIONIDAE)
Lepidoptera	"Butterfly"	Papilionidae	Papilio demoleus	Papilio maackii	Laboratory	Yes	Presgraves, DC.	2002	Patterns of postzygotic isolation in Lepidoptera
Lepidoptera	"Butterfly"	Papilionidae	Papilio demoleus	Papilio machaon	Laboratory	Yes	Presgraves, DC.	2002	Patterns of postzygotic isolation in Lepidoptera
Lepidoptera	"Butterfly"	Papilionidae	Papilio demoleus	Papilio xuthus	Laboratory	Yes	Presgraves, DC.	2002	Patterns of postzygotic isolation in Lepidoptera
Lepidoptera	"Butterfly"	Papilionidae	Papilio eurymedon	Papilio glaucus	Laboratory	Yes	Presgraves, DC.	2002	Patterns of postzygotic isolation in Lepidoptera
Lepidoptera	"Butterfly"	Papilionidae	Papilio eurymedon	Papilio multicaudatus	Laboratory	Yes	Presgraves, DC.	2002	Patterns of postzygotic isolation in Lepidoptera
Lepidoptera	"Butterfly"	Papilionidae	Papilio eurymedon	Papilio rutulus	Field	Yes	Presgraves, DC.	2002	Patterns of postzygotic isolation in Lepidoptera
Lepidoptera	"Butterfly"	Papilionidae	Papilio fuscus	Papilio macilentus	Laboratory	Yes	Presgraves, DC.	2002	Patterns of postzygotic isolation in Lepidoptera
Lepidoptera	"Butterfly"	Papilionidae	Papilio fuscus	Papilio polytes	Laboratory	Yes	Presgraves, DC.	2002	Patterns of postzygotic isolation in Lepidoptera
Lepidoptera	"Butterfly"	Papilionidae	Papilio glaucus	Papilio multicaudatus	Laboratory	Yes	Presgraves, DC.	2002	Patterns of postzygotic isolation in Lepidoptera
Lepidoptera	"Butterfly"	Papilionidae	Papilio glaucus	Papilio rutulus	Field	Yes	Presgraves, DC.	2002	Patterns of postzygotic isolation in Lepidoptera
Lepidoptera	"Butterfly"	Papilionidae	Papilio glaucus	Papilio scamander	Laboratory	Yes	Presgraves, DC.	2002	Patterns of postzygotic isolation in Lepidoptera
Lepidoptera	"Butterfly"	Papilionidae	Papilio glaucus	Papilio xuthus	Laboratory	Yes	Presgraves, DC.	2002	Patterns of postzygotic isolation in Lepidoptera
Lepidoptera	"Butterfly"	Papilionidae	Papilio helenus	Papilio hystaspes	Laboratory	Yes	Presgraves, DC.	2002	Patterns of postzygotic isolation in Lepidoptera
Lepidoptera	"Butterfly"	Papilionidae	Papilio helenus	Papilio memnon	Laboratory	Yes	Presgraves, DC.	2002	Patterns of postzygotic isolation in Lepidoptera
Lepidoptera	"Butterfly"	Papilionidae	Papilio helenus	Papilio nephelus	Laboratory	Yes	Presgraves, DC.	2002	Patterns of postzygotic isolation in Lepidoptera
Lepidoptera	"Butterfly"	Papilionidae	Papilio helenus	Papilio polytes	Laboratory	Yes	Presgraves, DC.	2002	Patterns of postzygotic isolation in Lepidoptera
Lepidoptera	"Butterfly"	Papilionidae	Papilio helenus	Papilio protenor	Field	Yes	SPERLING, FAH.	1990	NATURAL HYBRIDS OF PAPILIO (INSECTA, LEPIDOPTERA) - POOR TAXONOMY OR INTERESTING EVOLUTIONARY PROBLEM
Lepidoptera	"Butterfly"	Papilionidae	Papilio helenus	Papilio xuthus	Laboratory	Yes	Presgraves, DC.	2002	Patterns of postzygotic isolation in Lepidoptera
Lepidoptera	"Butterfly"	Papilionidae	Papilio hipponous	Papilio polytes	Laboratory	Yes	Presgraves, DC.	2002	Patterns of postzygotic isolation in Lepidoptera
Lepidoptera	"Butterfly"	Papilionidae	Papilio hospiton	Papilio machaon	Field	Yes	Aubert, J; Barascud, B; Descimon, H; Michel, F.	1997	Ecology and genetics of interspecific hybridization in the swallowtails, Papilio hospiton Gene and P-machaon L, in Corsica (Lepidoptera: Papilionidae)
Lepidoptera	"Butterfly"	Papilionidae	Papilio maackii	Papilio polyctor	Laboratory	Yes	Presgraves, DC.	2002	Patterns of postzygotic isolation in Lepidoptera
Lepidoptera	"Butterfly"	Papilionidae	Papilio maackii	Papilio xuthus	Laboratory	Yes	Presgraves, DC.	2002	Patterns of postzygotic isolation in Lepidoptera
Lepidoptera	"Butterfly"	Papilionidae	Papilio machaon	Papilio maackii	Laboratory	Yes	Presgraves, DC.	2002	Patterns of postzygotic isolation in Lepidoptera
Lepidoptera	"Butterfly"	Papilionidae	Papilio machaon	Papilio macilentus	Laboratory	Yes	Presgraves, DC.	2002	Patterns of postzygotic isolation in Lepidoptera
Lepidoptera	"Butterfly"	Papilionidae	Papilio machaon	Papilio polytes	Laboratory	Yes	Presgraves, DC.	2002	Patterns of postzygotic isolation in Lepidoptera
Lepidoptera	"Butterfly"	Papilionidae	Papilio machaon	Papilio polyxenes	Field	Yes	Presgraves, DC.	2002	Patterns of postzygotic isolation in Lepidoptera
Lepidoptera	"Butterfly"	Papilionidae	Papilio machaon	Papilio protenor	Laboratory	Yes	Presgraves, DC.	2002	Patterns of postzygotic isolation in Lepidoptera
Lepidoptera	"Butterfly"	Papilionidae	Papilio machaon	Papilio xuthus	Laboratory	Yes	Presgraves, DC.	2002	Patterns of postzygotic isolation in Lepidoptera
Lepidoptera	"Butterfly"	Papilionidae	Papilio machaon	Papilio zelicaon	Field	Yes	Presgraves, DC.	2002	Patterns of postzygotic isolation in Lepidoptera
Lepidoptera	"Butterfly"	Papilionidae	Papilio macilentus	Papilio memnon	Field	Yes	Presgraves, DC.	2002	Patterns of postzygotic isolation in Lepidoptera
Lepidoptera	"Butterfly"	Papilionidae	Papilio macilentus	Papilio xuthus	Laboratory	Yes	Presgraves, DC.	2002	Patterns of postzygotic isolation in Lepidoptera
Lepidoptera	"Butterfly"	Papilionidae	Papilio memnon	Papilio polymnestor	Field	Yes	Presgraves, DC.	2002	Patterns of postzygotic isolation in Lepidoptera
Lepidoptera	"Butterfly"	Papilionidae	Papilio memnon	Papilio polytes	Laboratory	Yes	Presgraves, DC.	2002	Patterns of postzygotic isolation in Lepidoptera
Lepidoptera	"Butterfly"	Papilionidae	Papilio memnon	Papilio rumanzovia	Laboratory	Yes	Presgraves, DC.	2002	Patterns of postzygotic isolation in Lepidoptera
Lepidoptera	"Butterfly"	Papilionidae	Papilio memnon	Papilio xuthus	Laboratory	Yes	Presgraves, DC.	2002	Patterns of postzygotic isolation in Lepidoptera
Lepidoptera	"Butterfly"	Papilionidae	Papilio multicaudatus	Papilio rutulus	Field	Yes	Presgraves, DC.	2002	Patterns of postzygotic isolation in Lepidoptera
Lepidoptera	"Butterfly"	Papilionidae	Papilio nephelus	Papilio polytes	Laboratory	Yes	Presgraves, DC.	2002	Patterns of postzygotic isolation in Lepidoptera
Lepidoptera	"Butterfly"	Papilionidae	Papilio palamedes	Papilio scamander	Laboratory	Yes	Presgraves, DC.	2002	Patterns of postzygotic isolation in Lepidoptera
Lepidoptera	"Butterfly"	Papilionidae	Papilio paris	Papilio xuthus	Laboratory	Yes	Presgraves, DC.	2002	Patterns of postzygotic isolation in Lepidoptera
Lepidoptera	"Butterfly"	Papilionidae	Papilio polymnestor	Papilio rumanzovia	Laboratory	Yes	Presgraves, DC.	2002	Patterns of postzygotic isolation in Lepidoptera
Lepidoptera	"Butterfly"	Papilionidae	Papilio polytes	Papilio polytes	Laboratory	Yes	Presgraves, DC.	2002	Patterns of postzygotic isolation in Lepidoptera
Lepidoptera	"Butterfly"	Papilionidae	Papilio polytes	Papilio protenor	Laboratory	Yes	Presgraves, DC.	2002	Patterns of postzygotic isolation in Lepidoptera
Lepidoptera	"Butterfly"	Papilionidae	Papilio polyxenes	Papilio machaon	Laboratory	Yes	Presgraves, DC.	2002	Patterns of postzygotic isolation in Lepidoptera
Lepidoptera	"Butterfly"	Papilionidae	Papilio polyxenes	Papilio xuthus	Laboratory	Yes	Presgraves, DC.	2002	Patterns of postzygotic isolation in Lepidoptera
Lepidoptera	"Butterfly"	Papilionidae	Papilio polyxenes	Papilio zelicaon	Laboratory	Yes	Scriber, JM.	2007	Segregation of F-2 interspecific hybrid growth performance and wing color patterns relative to parental species in the Papilio machaon species group (Lepidoptera : Papilionidae)
Lepidoptera	"Butterfly"	Papilionidae	Papilio protenor	Papilio xuthus	Laboratory	Yes	Presgraves, DC.	2002	Patterns of postzygotic isolation in Lepidoptera
Lepidoptera	"Butterfly"	Papilionidae	Papilio zelicaon	Papilio polyxenes	Laboratory	Yes	Presgraves, DC.	2002	Patterns of postzygotic isolation in Lepidoptera
Lepidoptera	"Butterfly"	Papilionidae	Parnassius apollo	Parnassius phoebus	Field	Yes	DESCIMON, H; GEIGER, H.	1988	ELECTROPHORETIC DETECTION OF INTERSPECIFIC HYBRIDS IN PARNASSIUS (LEPIDOPTERA, PAPILIONIDAE)
Lepidoptera	"Butterfly"	Papilionidae	Parnassius bremeri	Parnassius nomion	Field	Yes	Zakharov, EV.	2001	Natural hybridization between two swallowtail species Parnassius nomion and Parnassius bremeri (Lepidoptera, Papilionidae) shown by RAPD-PCR
Lepidoptera	"Butterfly"	Hesperiidae	Pelopidas agna	Pelopidas mathias	Field	Yes	Goonesekera, K; Lee, PLM; Van der Poorten, G; Ranawaka, G.	2021	A global comparison of DNA sequences of Pelopidas (Lepidoptera: Hesperiidae) reveals discordance between morphological and genetic data, and an insular 'ghost' population
Lepidoptera	"Butterfly"	Nymphalidae	Phyciodes batesii	Phyciodes tharos	Laboratory	Yes	Presgraves, DC.	2002	Patterns of postzygotic isolation in Lepidoptera
Lepidoptera	"Butterfly"	Nymphalidae	Phyciodes campestris	Phyciodes tharos	Laboratory	Yes	Presgraves, DC.	2002	Patterns of postzygotic isolation in Lepidoptera
Lepidoptera	"Butterfly"	Nymphalidae	Phyciodes cocyta	Phyciodes tharos	Laboratory	Yes	OLIVER, CG.	1980	PHENOTYPIC DIFFERENTIATION AND HYBRID BREAKDOWN WITHIN PHYCIODES-THAROS (LEPIDOPTERA, NYMPHALIDAE) IN THE NORTHEASTERN UNITED STATES
Lepidoptera	"Moth"	Lasiocampidae	Phyllodesma ilicifolia	Phyllodesma tremulifolia	Laboratory	Yes	Presgraves, DC.	2002	Patterns of postzygotic isolation in Lepidoptera
Lepidoptera	"Butterfly"	Pieridae	Pieris bryoniae	Pieris napi	Laboratory	Yes	Presgraves, DC.	2002	Patterns of postzygotic isolation in Lepidoptera
Lepidoptera	"Butterfly"	Pieridae	Pieris callidice	Pieris occidentalis	Laboratory	Yes	Presgraves, DC.	2002	Patterns of postzygotic isolation in Lepidoptera
Lepidoptera	"Butterfly"	Pieridae	Pieris dulcinea	Pieris napi	Laboratory	Yes	Presgraves, DC.	2002	Patterns of postzygotic isolation in Lepidoptera
Lepidoptera	"Butterfly"	Pieridae	Pieris ergane	Pieris napi	Laboratory	Yes	Presgraves, DC.	2002	Patterns of postzygotic isolation in Lepidoptera
Lepidoptera	"Butterfly"	Pieridae	Pieris macdunnoughii	Pieris napi	Laboratory	Yes	Chew, FS; Watt, WB.	2006	The green-veined white (Pieris napi L.), its Pierine relatives, and the systematics dilemmas of divergent character sets (Lepidoptera, Pieridae)
Lepidoptera	"Butterfly"	Pieridae	Pieris mannii	Pieris napi	Laboratory	Yes	Presgraves, DC.	2002	Patterns of postzygotic isolation in Lepidoptera
Lepidoptera	"Butterfly"	Pieridae	Pieris mannii	Pieris rapae	Laboratory	Yes	Presgraves, DC.	2002	Patterns of postzygotic isolation in Lepidoptera
Lepidoptera	"Butterfly"	Pieridae	Pieris marginalis	Pieris napi	Laboratory	Yes	Chew, FS; Watt, WB.	2006	The green-veined white (Pieris napi L.), its Pierine relatives, and the systematics dilemmas of divergent character sets (Lepidoptera, Pieridae)
Lepidoptera	"Butterfly"	Pieridae	Pieris marginalis	Pieris oleracea	Laboratory	Yes	Chew, FS; Watt, WB.	2006	The green-veined white (Pieris napi L.), its Pierine relatives, and the systematics dilemmas of divergent character sets (Lepidoptera, Pieridae)
Lepidoptera	"Butterfly"	Pieridae	Pieris melete	Pieris napi	Laboratory	Yes	Presgraves, DC.	2002	Patterns of postzygotic isolation in Lepidoptera
Lepidoptera	"Butterfly"	Pieridae	Pieris microstriata	Pieris napi	Laboratory	Yes	Chew, FS; Watt, WB.	2006	The green-veined white (Pieris napi L.), its Pierine relatives, and the systematics dilemmas of divergent character sets (Lepidoptera, Pieridae)
Lepidoptera	"Butterfly"	Pieridae	Pieris napi	Pieris bryoniae	Laboratory	Yes	Presgraves, DC.	2002	Patterns of postzygotic isolation in Lepidoptera
Lepidoptera	"Butterfly"	Pieridae	Pieris napi	Pieris nesis	Laboratory	Yes	Presgraves, DC.	2002	Patterns of postzygotic isolation in Lepidoptera
Lepidoptera	"Butterfly"	Pieridae	Pieris napi	Pieris oleracea	Laboratory	Yes	Chew, FS; Watt, WB.	2006	The green-veined white (Pieris napi L.), its Pierine relatives, and the systematics dilemmas of divergent character sets (Lepidoptera, Pieridae)
Lepidoptera	"Butterfly"	Pieridae	Pieris napi	Pieris rapae	Laboratory	Yes	Presgraves, DC.	2002	Patterns of postzygotic isolation in Lepidoptera
Lepidoptera	"Butterfly"	Pieridae	Pieris napi	Pieris virginiensis	Laboratory	Yes	Chew, FS; Watt, WB.	2006	The green-veined white (Pieris napi L.), its Pierine relatives, and the systematics dilemmas of divergent character sets (Lepidoptera, Pieridae)
Lepidoptera	"Butterfly"	Pieridae	Pieris rapae	Pontia daplidice	Laboratory	Yes	Presgraves, DC.	2002	Patterns of postzygotic isolation in Lepidoptera
Lepidoptera	"Butterfly"	Lycaenidae	Plebejus idas	Plebejus melissa	Field	Yes	Gompert, Z; Lucas, LK; Fordyce, JA; Forister, ML; Nice, CC.	2010	Secondary contact between Lycaeides idas and L-melissa in the Rocky Mountains: extensive admixture and a patchy hybrid zone
Lepidoptera	"Butterfly"	Pieridae	Pontia daplidice	Pontia edusa	Field	Yes	Porter, AH; Wenger, R; Geiger, H; Scholl, A; Shapiro, AM.	1997	The Pontia daplidice-edusa hybrid zone in northwestern Italy
Lepidoptera	"Butterfly"	Pieridae	Pontia protodice	Pontia daplidice	Laboratory	Yes	Presgraves, DC.	2002	Patterns of postzygotic isolation in Lepidoptera
Lepidoptera	"Butterfly"	Lycaenidae	Pseudophilotes baton	Pseudophilotes vicrama	Field	No	Bartonova, AS; Konvicka, M; Maresova, J; Wiemers, M; Ignatev, N; Wahlberg, N; Schmitt, T; Fric, ZF.	2021	Wolbachia affects mitochondrial population structure in two systems of closely related Palaearctic blue butterflies
Lepidoptera	"Butterfly"	Hesperiidae	Pyrgus malvae	Pyrgus malvoides	Field	Yes	Hernandez-Roldan, JL; Bofill, R; Dapporto, L; Munguira, ML; Vila, R.	2014	Morphological and chemical analysis of male scent organs in the butterfly genus Pyrgus (Lepidoptera: Hesperiidae)
Lepidoptera	"Moth"	Saturniidae	Saturnia mendocino	Saturnia walterorum	Field	Yes	Presgraves, DC.	2002	Patterns of postzygotic isolation in Lepidoptera
Lepidoptera	"Moth"	Saturniidae	Saturnia pavonia	Saturnia pyri	Laboratory	Yes	Presgraves, DC.	2002	Patterns of postzygotic isolation in Lepidoptera
Lepidoptera	"Moth"	Saturniidae	Saturnia pavonia	Saturnia spini	Laboratory	Yes	Presgraves, DC.	2002	Patterns of postzygotic isolation in Lepidoptera
Lepidoptera	"Moth"	Geometridae	Selenia bilunaria	Selenia tetralunaria	Laboratory	Yes	Presgraves, DC.	2002	Patterns of postzygotic isolation in Lepidoptera
Lepidoptera	"Moth"	Noctuidae	Spodoptera descoinsi	Spodoptera latifascia	Laboratory	Yes	Monti, L; Genermont, J; Malosse, C; LalanneCassou, B.	1997	A genetic analysis of some components of reproductive isolation between two closely related species, Spodoptera latifascia (Walker) and S-descoinsi (Lalanne- Cassou and Silvain) (Lepidoptera: Noctuidae)
Lepidoptera	"Moth"	Noctuidae	Spodoptera littoralis	Spodoptera litura	Laboratory	Yes	Saveer, AM; Becher, PG; Birgersson, G; Hansson, BS; Witzgall, P; Bengtsson, M.	2014	Mate recognition and reproductive isolation in the sibling species Spodoptera littoralis and Spodoptera litura
Lepidoptera	"Butterfly"	Pieridae	Tatochila mercedis	Tatochila sterodice	Field	Yes	PORTER, AH; SHAPIRO, AM.	1990	LOCK-AND-KEY HYPOTHESIS - LACK OF MECHANICAL ISOLATION IN A BUTTERFLY (LEPIDOPTERA, PIERIDAE) HYBRID ZONE
Lepidoptera	"Butterfly"	Pieridae	Tatochila mercedis	Tatochila vanvolxemii	Field	Yes	PORTER, AH; SHAPIRO, AM.	1990	LOCK-AND-KEY HYPOTHESIS - LACK OF MECHANICAL ISOLATION IN A BUTTERFLY (LEPIDOPTERA, PIERIDAE) HYBRID ZONE
Lepidoptera	"Moth"	Notodontidae	Thaumetopoea pityocampa	Thaumetopoea wilkinsoni	Field	Yes	Ipekdal, K; Burban, C; Saune, L; Battisti, A; Kerdelhue, C.	2020	From refugia to contact: Pine processionary moth hybrid zone in a complex biogeographic setting
Lepidoptera	"Moth"	Geometridae	Thera obeliscata	Thera variata	Laboratory	Yes	Presgraves, DC.	2002	Patterns of postzygotic isolation in Lepidoptera
Lepidoptera	"Moth"	Geometridae	Timandra comae	Timandra griseata	Field	Yes	Ounap, E; Viidalepp, J; Saarma, U.	2005	Phylogenetic evaluation of the taxonomic status of Timandra griseata and T-comae (Lepidoptera : Geometridae : Sterrhinae)
Lepidoptera	"Moth"	Crambidae	Udea alpinalis	Udea uliginosalis	Field	Yes	Mally, R; Huemer, P; Nuss, M.	2018	Deep intraspecific DNA barcode splits and hybridisation in the Udea alpinalis group (Insecta, Lepidoptera, Crambidae) - an integrative revision
Lepidoptera	"Moth"	Yponomeutidae	Yponomeuta cagnagella	Yponomeuta malinellus	Laboratory	Yes	Hora, KH; Roessingh, P; Menken, SBJ.	2005	Inheritance and plasticity of adult host acceptance in Yponomeuta species: implications for host shifts in specialist herbivores
Lepidoptera	"Moth"	Yponomeutidae	Yponomeuta cagnagella	Yponomeuta padella	Laboratory	Yes	Hora, KH; Roessingh, P; Menken, SBJ.	2005	Inheritance and plasticity of adult host acceptance in Yponomeuta species: implications for host shifts in specialist herbivores
Lepidoptera	"Moth"	Yponomeutidae	Yponomeuta malinellus	Yponomeuta padella	Field	Yes	Presgraves, DC.	2002	Patterns of postzygotic isolation in Lepidoptera
Lepidoptera	"Butterfly"	Lycaenidae	Zizina emelina	Zizina otis	Laboratory	Yes	Sakamoto, Y; Yago, M.	2017	Potential for interspecific hybridization between Zizina emelina and Zizina otis (Lepidoptera: Lycaenidae)
Lepidoptera	"Butterfly"	Lycaenidae	Zizina labradus	Zizina oxleyi	Field	Yes	Gillespie, M; Wratten, SD; Cruickshank, R; Wiseman, BH; Gibbs, GW.	2013	Incongruence between morphological and molecular markers in the butterfly genus Zizina (Lepidoptera: Lycaenidae) in New Zealand
Diptera	Nematocera	Culicidae	Aedes ashworthi	Aedes australis	Laboratory	Yes	Brust, RA; Mahon, RJ.	1997	Resurrection of Aedes (Halaedes) ashworthi Edwards 1921: Morphological characterisation and separation from its sibling Aedes (Halaedes) australis (Erichson) 1842 (Diptera: Culicidae)
Diptera	Nematocera	Culicidae	Aedes brelandi	Aedes zoosophus	Laboratory	Yes	TAYLOR, DB.	1990	GENETICS OF INTERSPECIFIC HYBRIDIZATION IN THE TRISERIATUS AND ZOOSOPHUS GROUPS OF AEDES (PROTOMACLEAYA) (DIPTERA, CULICIDAE)
Diptera	Nematocera	Culicidae	Aedes hendersoni	Aedes zoosophus	Laboratory	Yes	TAYLOR, DB.	1990	GENETICS OF INTERSPECIFIC HYBRIDIZATION IN THE TRISERIATUS AND ZOOSOPHUS GROUPS OF AEDES (PROTOMACLEAYA) (DIPTERA, CULICIDAE)
Diptera	Nematocera	Culicidae	Aedes triseriatus	Aedes zoosophus	Laboratory	Yes	TAYLOR, DB.	1990	GENETICS OF INTERSPECIFIC HYBRIDIZATION IN THE TRISERIATUS AND ZOOSOPHUS GROUPS OF AEDES (PROTOMACLEAYA) (DIPTERA, CULICIDAE)
Diptera	Brachycera	Tephritidae	Anastrepha fraterculus	Anastrepha obliqua	Field	Yes	Rull, J; Tadeo, E; Lasa, R; Rodriguez, CL; Altuzar-Molina, A; Aluja, M.	2018	Experimental hybridization and reproductive isolation between two sympatric species of tephritid fruit flies in the Anastrepha fraterculus species group
Diptera	Brachycera	Tephritidae	Anastrepha fraterculus	Anastrepha sororcula	Laboratory	Yes	dos Santos, P; Uramoto, K; Matioli, SR.	2001	Experimental hybridization among Anastrepha species (Diptera : Tephritidae): Production and morphological characterization of F-1 hybrids
Diptera	Brachycera	Tephritidae	Anastrepha fraterculus sp. 1	Anastrepha fraterculus sp. 2	Laboratory	Yes	Selivon, D; Perondini, ALP.	1997	Extrusion of yolk masses by hybrid embryos of two cryptic species of Anastrepha fraterculus (Diptera, Tephritidae)
Diptera	Brachycera	Tephritidae	Anastrepha obliqua	Anastrepha sororcula	Laboratory	Yes	dos Santos, P; Uramoto, K; Matioli, SR.	2001	Experimental hybridization among Anastrepha species (Diptera : Tephritidae): Production and morphological characterization of F-1 hybrids
Diptera	Nematocera	Culicidae	Anopheles albitarsis	Anopheles deaneorum	Laboratory	Yes	Lima, JBP; Valle, D; Peixoto, AA.	2004	Analysis of reproductive isolation between sibling species Anopheles albitarsis sensu stricto and Anopheles deaneorum, two malaria vectors belonging to the Albitarsis complex (Diptera : Culicidae)
Diptera	Nematocera	Culicidae	Anopheles annulipes sp. A	Anopheles annulipes sp. G	Laboratory	Yes	FOLEY, DH; BRYAN, JH.	1991	ANOPHELES-ANNULIPES WALKER (DIPTERA, CULICIDAE) AT GRIFFITH, NEW-SOUTH-WALES .1. 2 SIBLING SPECIES IN SYMPATRY
Diptera	Nematocera	Culicidae	Anopheles beklemishevi	Anopheles atroparvus	Laboratory	Yes	Novikov, YM.	2016	Rearing of Anopheles beklemishevi (Diptera: Culicidae) and the possibility of its hybridization with An. atroparvus under laboratory conditions
Diptera	Nematocera	Culicidae	Anopheles coluzzii	Anopheles arabiensis	Field	No	Zoure, AA; Noel, G; Sombie, A; Somda, Z; Badolo, A; Francis, F.	2020	Genetic analysis and population structure of the Anopheles gambiae complex from different ecological zones of Burkina Faso
Diptera	Nematocera	Culicidae	Anopheles coluzzii	Anopheles quadriannulatus	Laboratory	Yes	Deitz, KC; Takken, W; Slotman, MA.	2018	The Effect of Hybridization on Dosage Compensation in Member Species of the Anopheles gambiae Species Complex
Diptera	Nematocera	Culicidae	Anopheles gambiae	Anopheles arabiensis	Field	No	Mawejje, HD; Wilding, CS; Rippon, EJ; Hughes, A; Weetman, D; Donnelly, MJ.	NA	Insecticide resistance monitoring of field-collected Anopheles gambiae s.l. populations from Jinja, eastern Uganda, identifies high levels of pyrethroid resistance
Diptera	Nematocera	Culicidae	Anopheles gambiae	Anopheles coluzzii	Field	No	Oduwole, OA; Oringanje, CM; Oduola, AO; Nwachuku, NS; Meremikwu, MM; Alaribe, AAA.	2020	Species Composition of Anopheles (Diptera: Culicidae) in Selected Forested Tourist Areas of Nigeria Endemic for Malaria
Diptera	Nematocera	Culicidae	Anopheles gambiae	Anopheles quadriannulatus	Laboratory	Yes	Pates, HV; Curtis, CF; Takken, W.	2014	Hybridization studies to modify the host preference of Anopheles gambiae
Diptera	Nematocera	Culicidae	Anopheles maculatus	Anopheles willmori	Laboratory	Yes	Somboon, P; Thongwat, D; Morgan, K; Walton, C.	2008	Crossing experiment of Anopheles maculatus form K and Anopheles willmori (James) (Diptera : Culicidae)
Diptera	Nematocera	Culicidae	Anopheles melas	Anopheles arabiensis	Laboratory	Yes	OKEREKE, TA.	1980	HYBRIDIZATION STUDIES ON SIBLING SPECIES OF THE ANOPHELES-GAMBIAE GILES COMPLEX (DIPTERA, CULICIDAE) IN THE LABORATORY
Diptera	Nematocera	Culicidae	Anopheles melas	Anopheles gambiae	Laboratory	Yes	OKEREKE, TA.	1980	HYBRIDIZATION STUDIES ON SIBLING SPECIES OF THE ANOPHELES-GAMBIAE GILES COMPLEX (DIPTERA, CULICIDAE) IN THE LABORATORY
Diptera	Nematocera	Culicidae	Anopheles minimus	Anopheles aconitus	Laboratory	Yes	SUCHARIT, S; CHOOCHOTE, W.	1982	HYBRIDIZATION OF ANOPHELES-MINIMUS AND ANOPHELES-ACONITUS (DIPTERA, CULICIDAE) IN THAILAND
Diptera	Nematocera	Culicidae	Anopheles sinensis	Anopheles kleini	Field	Yes	Choochote, W; Min, GS; Intapan, PM; Tantrawatpan, C; Saeung, A; Lulitanond, V.	2014	Evidence to support natural hybridization between Anopheles sinensis and Anopheles kleini (Diptera: Culicidae): possibly a significant mechanism for gene introgression in sympatric populations
Diptera	Brachycera	Tephritidae	Bactrocera dorsalis	Bactrocera carambolae	Laboratory	Yes	McInnis, DO; Rendon, P; Jang, E; Van Sauers-Muller, A; Sugayama, R; Malavasi, A.	1999	Interspecific mating of introduced, sterile Bactrocera dorsalis with wild B-carambolae (Diptera : Tephritidae) in Suriname: a potential case for cross-species sterile insect technique
Diptera	Brachycera	Tephritidae	Bactrocera invadens	Bactrocera dorsalis	Laboratory	Yes	Bo, W; Ahmad, S; Dammalage, T; Tomas, US; Wornoayporn, V; Ul Haq, I; Caceres, C; Vreysen, MJB; Hendrichs, J; Schutze, MK.	2014	Mating Compatibility Between Bactrocera invadens and Bactrocera dorsalis (Diptera: Tephritidae)
Diptera	Brachycera	Tephritidae	Bactrocera occipitalis	Bactrocera philippinensis	Laboratory	Yes	Iwahashi, O.	1999	Distinguishing between two sympatric species, Bactrocera occipitalis and B-philippinensis (Diptera : Tephritidae), based on aedeagal length
Diptera	Brachycera	Tephritidae	Bactrocera tryoni	Bactrocera jarvisi	Laboratory	Yes	Cruickshank, L; Jessup, AJ; Cruickshank, DJ.	2001	Interspecific crosses of Bactrocera tryoni (Froggatt) and Bactrocera jarvisi (Tryon) (Diptera : Tephritidae) in the laboratory
Diptera	Brachycera	Tephritidae	Bactrocera tryoni	Bactrocera neohumeralis	Field	Yes	Pike, N; Wang, WYS; Meats, A.	2003	The likely fate of hybrids of Bactrocera tryoni and Bactrocera neohumeralis
Diptera	Brachycera	Tephritidae	Ceratitis rosa	Ceratitis fasciventris	Laboratory	Yes	Erbout, N; De Meyer, M; Lens, L.	2008	Hybridization between two polyphagous fruit-fly species (Diptera : Tephritidae) causes sex-biased reduction in developmental stability
Diptera	Nematocera	Chironomidae	Chironomus plumosus	Chironomus balatonicus	Laboratory	Yes	MICHAILOVA, P.	1987	C-BANDING IN THE POLYTENE CHROMOSOMES OF SPECIES OF THE PLUMOSUS GROUP (DIPTERA, CHIRONOMIDAE) AND THEIR EXPERIMENTAL HYBRIDS
Diptera	Nematocera	Chironomidae	Chironomus plumosus	Chironomus behningi	Field	Yes	Polukonova, NV; Beljanina, SI.	2002	On the possibility of hybridogenesis in the origin of midge Chironomus usenicus Loginova et Beljanina (Chironomidae, Diptera)
Diptera	Nematocera	Chironomidae	Chironomus plumosus	Chironomus muratensis	Field	Yes	Markiyanova, MF.	2016	Composition and Distribution of Sibling Species of Chironomus Meigen, 1803 (Diptera, Chironomidae) in Curonian Lagoon of the Baltic Sea
Diptera	Nematocera	Chironomidae	Chironomus plumosus	Chironomus vancouveri	Laboratory	Yes	MICHAILOVA, P.	1987	C-BANDING IN THE POLYTENE CHROMOSOMES OF SPECIES OF THE PLUMOSUS GROUP (DIPTERA, CHIRONOMIDAE) AND THEIR EXPERIMENTAL HYBRIDS
Diptera	Nematocera	Chironomidae	Chironomus riparius	Chironomus piger	Field	Yes	Foucault, Q; Wieser, A; Heumann-Kiesler, C; Diogo, J; Cocchiararo, B; Nowak, C; Waldvogel, AM; Pfenninger, M.	2019	An experimental assessment of reproductive isolation and its consequences for seasonal hybridization dynamics
Diptera	Nematocera	Chironomidae	Chironomus tentans	Chironomus pallidivittatus	Field	Yes	Martin, J; Guryev, V; Blinov, A.	2002	Population variability in Chironomus (Camptochironomus) species (Diptera, Nematocera) with a Holarctic distribution: evidence of mitochondrial gene flow
Diptera	Brachycera	Calliphoridae	Chrysomya megacephala	Chrysomya saffranea	Field	Yes	Nelson, LA; Wallman, JF; Dowton, M.	2007	Using COI barcodes to identify forensically and medically important blowflies
Diptera	Nematocera	Culicidae	Culex pipiens	Culex quinquefasciatus	Field	Yes	ALMIRON, WR; HUMERES, SG; GARDENAL, CN.	1995	DISTRIBUTION AND HYBRIDIZATION BETWEEN CULEX-PIPIENS AND CULEX-QUINQUEFASCIATUS (DIPTERA, CULICIDAE) IN ARGENTINA
Diptera	Brachycera	Drosophilidae	Drosophila bipectinata	Drosophila malerkotliana	Laboratory	Yes	Mishra, PK; Singh, BN.	2006	Unique phenotypes and variation in the sex comb patterns and their evolutionary implications in the Drosophila bipectinata species complex (Diptera : Drosophilidae)
Diptera	Brachycera	Drosophilidae	Drosophila bipectinata	Drosophila parabipectinata	Laboratory	Yes	Mishra, PK; Singh, BN.	2006	Unique phenotypes and variation in the sex comb patterns and their evolutionary implications in the Drosophila bipectinata species complex (Diptera : Drosophilidae)
Diptera	Brachycera	Drosophilidae	Drosophila bipectinata	Drosophila pseudoananassae	Laboratory	Yes	Mishra, PK; Singh, BN.	2006	Unique phenotypes and variation in the sex comb patterns and their evolutionary implications in the Drosophila bipectinata species complex (Diptera : Drosophilidae)
Diptera	Brachycera	Drosophilidae	Drosophila buzzatii	Drosophila koepferae	Laboratory	Yes	Soto, EM; Soto, IM; Carreira, VP; Fanara, JJ; Hasson, E.	2008	Host-related life history traits in interspecific hybrids of cactophilic Drosophila
Diptera	Brachycera	Drosophilidae	Drosophila ezoana	Drosophila montana	Field	Yes	Andrianov, BV; Romanov, DA; Sorokina, SY; Gorelova, TV.	2019	Comparative Analysis of Variation of the BOLD Fragment of Mitochondrial cox1 Gene and Y Chromosome kl-2 1-beta dynein heavy chain Gene in Drosophilavirilis Species Group (Diptera: Drosophilidae)
Diptera	Brachycera	Drosophilidae	Drosophila gouveai	Drosophila antonietae	Laboratory	Yes	Soto, IM; Carreira, VP; Corio, C; Soto, EM; Hasson, E.	2010	Host use and developmental instability in the cactophilic sibling species Drosophila gouveai and D. antonietae
Diptera	Brachycera	Drosophilidae	Drosophila koepferae	Drosophila antonietae	Laboratory	Yes	Colines, B; Soto, IM; de Panis, DN; Padro, J.	2018	Experimental hybridization in allopatric species of the Drosophila repleta group (Diptera: Drosophilidae): implications for the mode of speciation
Diptera	Brachycera	Drosophilidae	Drosophila lutescens	Drosophila takahashii	Laboratory	Yes	Hori, Y; Kimura, MT.	1998	Relationship between cold stupor and cold tolerance in Drosophila (Diptera : Drosophilidae)
Diptera	Brachycera	Drosophilidae	Drosophila malerkotliana	Drosophila pseudoananassae	Laboratory	Yes	Mishra, PK; Singh, BN.	2006	Unique phenotypes and variation in the sex comb patterns and their evolutionary implications in the Drosophila bipectinata species complex (Diptera : Drosophilidae)
Diptera	Brachycera	Drosophilidae	Drosophila melanogaster	Drosophila simulans	Laboratory	Yes	MORETEAU, B; PETAVY, G; GIBERT, P; MORIN, JP; MUNOZ, A; DAVID, JR.	1995	NEW DISCRIMINATING TRAITS BETWEEN FEMALES OF 2 SIBLING SPECIES - DROSOPHILA-MELANOGASTER AND DROSOPHILA-SIMULANS (DIPTERA, DROSOPHILIDAE)
Diptera	Brachycera	Drosophilidae	Drosophila montana	Drosophila lacicola	Field	Yes	Andrianov, BV; Romanov, DA; Sorokina, SY; Gorelova, TV.	2019	Comparative Analysis of Variation of the BOLD Fragment of Mitochondrial cox1 Gene and Y Chromosome kl-2 1-beta dynein heavy chain Gene in Drosophilavirilis Species Group (Diptera: Drosophilidae)
Diptera	Brachycera	Drosophilidae	Drosophila orientacea	Drosophila testacea	Laboratory	Yes	GRIMALDI, D; JAMES, AC; JAENIKE, J.	1992	SYSTEMATICS AND MODES OF REPRODUCTIVE ISOLATION IN THE HOLARCTIC DROSOPHILA-TESTACEA SPECIES GROUP (DIPTERA, DROSOPHILIDAE)
Diptera	Brachycera	Drosophilidae	Drosophila parabipectinata	Drosophila malerkotliana	Laboratory	Yes	Mishra, PK; Singh, BN.	2006	Unique phenotypes and variation in the sex comb patterns and their evolutionary implications in the Drosophila bipectinata species complex (Diptera : Drosophilidae)
Diptera	Brachycera	Drosophilidae	Drosophila parabipectinata	Drosophila pseudoananassae	Laboratory	Yes	Mishra, PK; Singh, BN.	2006	Unique phenotypes and variation in the sex comb patterns and their evolutionary implications in the Drosophila bipectinata species complex (Diptera : Drosophilidae)
Diptera	Brachycera	Drosophilidae	Drosophila parapallidosa	Drosophila ananassae	Field	Yes	Hama, Y; Lee, CY; Matsuda, M; Kamimura, Y; Sawamura, K.	2020	Long-term coexistence of a hybridization-derived population ofDrosophila parapallidosawith closely relatedDrosophila ananassae(Diptera: Drosophilidae)
Diptera	Brachycera	Drosophilidae	Drosophila silvestris	Drosophila heteroneura	Laboratory	Yes	PRICE, DK; BOAKE, CRB.	1995	BEHAVIORAL REPRODUCTIVE ISOLATION IN DROSOPHILA-SILVESTRIS, D-HETERONEURA, AND THEIR F1 HYBRIDS (DIPTERA, DROSOPHILIDAE)
Diptera	Brachycera	Glossinidae	Glossina swynnertoni	Glossina morsitans	Laboratory	Yes	Gooding, RH.	1997	Genetics of hybridization of Glossina swynnertoni with Glossina morsitans morsitans and Glossina morsitans centralis
Diptera	Nematocera	Chironomidae	Glyptotendipes glaucus	Glyptotendipes pallens	Field	Yes	Michailova, PV.	1996	Cytotaxonomy of Chironomidae (Diptera) from Lake Shabla (Bulgaria): Cytogenetic evidence for introgressive hybridization
Diptera	Nematocera	Chironomidae	Glyptotendipes pallens	Glyptotendipes glaucus	Field	Yes	Michailova, P; Warchalowska-Sliwa, E; Kownacki, A.	2001	Cytotaxonomic characteristics of the genus Glyptotendipes Kieffer (Chironomidae, Diptera) from fish and retention ponds (Silesia, southern Poland)
Diptera	Nematocera	Chironomidae	Glyptotendipes salinus	Glyptotendipes barbipes	Laboratory	Yes	MICHAILOVA, P; BELCHEVA, R.	1989	MEIOSIS IN AN EXPERIMENTAL HYBRID OF GLYPTOTENDIPES-SALINUS MICHAILOVA X GLYPTOTENDIPES-BARBIPES (STAEGER) (DIPTERA, CHIRONOMIDAE)
Diptera	Brachycera	Agromyzidae	Liriomyza sativae	Liriomyza trifolii	Laboratory	Yes	Tokumaru, S; Abe, Y.	2005	Interspecific hybridization between Liriomyza sativae Blanchard and L. trifolii (Burgess) (Diptera : Agromyzidae)
Diptera	Brachycera	Calliphoridae	Lucilia sericata	Lucilia cuprina	Field	Yes	Williams, K; Villet, MH.	2013	Ancient and modern hybridization between Lucilia sericata and L. cuprina (Diptera: Calliphoridae)
Diptera	Nematocera	Psychodidae	Lutzomyia longipalpis	Lutzomyia cruzi	Field	No	Santos, MFC; Ribolla, PEM; Alonso, DP; Andrade, JD; Casaril, AE; Ferreira, AMT; Fernandes, CES; Brazil, RP; Oliveira, AG.	2013	Genetic Structure of Lutzomyia longipalpis Populations in Mato Grosso Do Sul, Brazil, Based on Microsatellite Markers
Diptera	Nematocera	Psychodidae	Lutzomyia pseudolongipalpis	Lutzomyia longipalpis	Laboratory	Yes	Arrivillaga, J; Salerno, P; Rangel, Y.	2009	Asymmetric reproductive isolation between Lutzomyia pseudolongipalpis and Lutzomyia longipalpis (species C2), Neotropical vectors of visceral leishmaniasis (Diptera: Pshychodidae).
Diptera	Nematocera	Culicidae	Ochlerotatus triseriatus	Ochlerotatus hendersoni	Laboratory	Yes	Anderson, JR; Schneider, JR; Grimstad, PR; Severson, DW.	2006	Identification of quantitative trait loci for larval morphological traits in interspecific hybrids of Ochlerotatus triseriatus and Ochlerotatus hendersoni (Diptera : Culicidae)
Diptera	Nematocera	Psychodidae	Phlebotomus perniciosus	Phlebotomus longicuspis	Field	Yes	Pesson, B; Ready, JS; Benabdennbi, I; Martin-Sanchez, J; Esseghir, S; Cadi-Soussi, M; Morillas-Marquez, F; Ready, PD.	2004	Sandflies of the Phlebotomus perniciosus complex: mitochondrial introgression and a new sibling species of P-longicuspis in the Moroccan Rif
Diptera	Nematocera	Simuliidae	Prosimulium multidentatum	Prosimulium magnum	Field	Yes	ROTHFELS, K; NAMBIAR, R.	1981	A CYTOLOGICAL STUDY OF NATURAL HYBRIDS BETWEEN PROSIMULIUM-MULTIDENTATUM AND P-MAGNUM - WITH NOTES ON SEX DETERMINATION IN THE SIMULIIDAE (DIPTERA)
Diptera	Nematocera	Culicidae	Psorophora columbiae	Psorophora toltecum	Field	Yes	Lanzaro, GC; Collier, TC; Lee, Y.	2015	Defining Genetic, Taxonomic, and Geographic Boundaries Among Species of the Psorophora confinnis (Diptera: Culicidae) Complex in North and South America
Diptera	Brachycera	Tephritidae	Rhagoletis cerasi	Rhagoletis cingulata	Field	Yes	Johannesen, J; Keyghobadi, N; Schuler, H; Stauffer, C; Vogt, H.	2013	Invasion genetics of American cherry fruit fly in Europe and signals of hybridization with the European cherry fruit fly
Diptera	Brachycera	Tephritidae	Rhagoletis mendax	Rhagoletis zephyria	Field	Yes	Schwarz, D; McPheron, BA.	2007	When ecological isolation breaks down: sexual isolation is an incomplete barrier to hybridization between Rhagoletis species
Diptera	Brachycera	Tephritidae	Rhagoletis pomonella	Rhagoletis zephyria	Field	Yes	Yee, WL; Chapman, PS; Sheets, HD.	2013	Comparative Body Size and Shape Analyses of F-1 Hybrid Rhagoletis pomonella and Rhagoletis zephyria (Diptera: Tephritidae)
Diptera	Brachycera	Tephritidae	Rhagoletis zoqui	Rhagoletis ramosae	Laboratory	Yes	Tadeo, E; Aluja, M; Rull, J.	2018	Precopulatory mating and postzygotic isolation between two walnut-infesting species of Rhagoletis from Mexican highlands
Diptera	Brachycera	Sepsidae	Sepsis cynipsea	Sepsis neocynipsea	Laboratory	Yes	Giesen, A; Schafer, MA; Blanckenhorn, WU.	2019	Geographic patterns of postzygotic isolation between two closely related widespread dung fly species (Sepsis cynipsea and Sepsis neocynipsea; Diptera: Sepsidae)
Diptera	Nematocera	Simuliidae	Simulium arcticum	Simulium saxosum	Field	Yes	Conflitti, IM; Shields, GF; Murphy, RW; Currie, DC.	NA	Genetic panmixia within a narrow contact zone between chromosomally and ecologically distinct black fly sibling species (Diptera: Simuliidae)
Diptera	Nematocera	Simuliidae	Simulium damnosum	Simulium sirbanum	Field	Yes	Boakye, DA; Back, C; Brakefield, PM.	2000	Evidence of multiple mating and hybridization in Simulium damnosum s.l. (Diptera : Simuliidae) in nature
Diptera	Nematocera	Simuliidae	Simulium flexibranchium	Simulium petricolum	Field	Yes	Adler, PH; Seitz, G.	2020	CHROMOSOMAL RELATIONSHIPS OF BLACK FLIES (DIPTERA: SIMULIIDAE) IN THE SIMULIUM AUREUM FRIES SPECIES GROUP ON THE GREEK ISLAND OF RHODES
Diptera	Nematocera	Simuliidae	Simulium sanctipauli	Simulium squamosum	Field	Yes	POST, RJ.	1984	NATURAL INTERSPECIFIC HYBRIDIZATION OF SIMULIUM-SANCTIPAULI SL WITH SIMULIUM-SQUAMOSUM AND SIMULIUM-YAHENSE (DIPTERA, SIMULIIDAE)
Diptera	Nematocera	Simuliidae	Simulium sanctipauli	Simulium yahense	Field	Yes	POST, RJ.	1984	NATURAL INTERSPECIFIC HYBRIDIZATION OF SIMULIUM-SANCTIPAULI SL WITH SIMULIUM-SQUAMOSUM AND SIMULIUM-YAHENSE (DIPTERA, SIMULIIDAE)
Diptera	Brachycera	Tephritidae	Tomoplagia reticulata	Tomoplagia pallens	Field	Yes	Abreu, AG; Solferini, VN.	NA	Genetic population structure and hybridization in two sibling species, Tomoplagia reticulata and Tomoplagia pallens (Diptera: Tephritidae)
Diptera	Brachycera	Drosophilidae	Zaprionus burlai	Zaprionus tuberculatus	Laboratory	No	Yassin, A.	2008	Molecular and Morphometrical Revision of the Zaprionus tuberculatus Species Subgroup (Diptera: Drosophilidae), with Descriptions of Two Cryptic Species
Hymenoptera	"Other"	Andrenidae	Andrena scurra	Andrena ellisiae	Field	Yes	LANHAM, UN.	1984	THE HYBRID SWARM OF ANDRENA (HYMENOPTERA, APOIDEA) IN WESTERN NORTH-AMERICA - A POSSIBLE SOURCE FOR THE EVOLUTIONARY ORIGIN OF A NEW SPECIES
Hymenoptera	"Other"	Braconidae	Aphidius ervi	Aphidius microlophii	Laboratory	Yes	PENNACCHIO, F; DIGILIO, MC; TREMBLAY, E; TRANFAGLIA, A.	1994	HOST RECOGNITION AND ACCEPTANCE BEHAVIOR IN 2 APHID PARASITOID SPECIES - APHIDIUS-ERVI AND APHIDIUS-MICROLOPHII (HYMENOPTERA, BRACONIDAE)
Hymenoptera	"Other"	Apidae	Apis cerana	Apis mellifera	Laboratory	Yes	Gloag, R; Tan, K; Wang, Y; Song, W; Luo, W; Buchman, G; Beekman, M; Oldroyd, BP.	2017	No evidence of queen thelytoky following interspecific crosses of the honey bees Apis cerana and Apis mellifera
Hymenoptera	"Ant"	Formicidae	Camponotus herculeanus	Camponotus ligniperda	Field	Yes	Seifert, B.	2019	Hybridization in the European carpenter ants Camponotus herculeanus and C. ligniperda (Hymenoptera: Formicidae)
Hymenoptera	"Other"	Braconidae	Cotesia chilonis	Cotesia sesamiae	Laboratory	Yes	KIMANI, SW; OVERHOLT, WA.	1995	BIOSYSTEMATICS OF THE COTESIA-FLAVIPES COMPLEX (HYMENOPTERA, BRACONIDAE) - INTERSPECIFIC HYBRIDIZATION, SEX-PHEROMONE AND MATING BEHAVIOR STUDIES 
Hymenoptera	"Other"	Braconidae	Cotesia flavipes	Cotesia chilonis	Laboratory	Yes	KIMANI, SW; OVERHOLT, WA.	1995	BIOSYSTEMATICS OF THE COTESIA-FLAVIPES COMPLEX (HYMENOPTERA, BRACONIDAE) - INTERSPECIFIC HYBRIDIZATION, SEX-PHEROMONE AND MATING BEHAVIOR STUDIES 
Hymenoptera	"Other"	Braconidae	Cotesia flavipes	Cotesia sesamie	Laboratory	Yes	KIMANI, SW; OVERHOLT, WA.	1995	BIOSYSTEMATICS OF THE COTESIA-FLAVIPES COMPLEX (HYMENOPTERA, BRACONIDAE) - INTERSPECIFIC HYBRIDIZATION, SEX-PHEROMONE AND MATING BEHAVIOR STUDIES 
Hymenoptera	"Other"	Ichneumonidae	Diadegma semiclausum	Diadegma fenestrale 	Laboratory	Yes	Davies, AP; Takashino, K; Watanabe, M; Miura, K. 	2009	Parental genetic traits in offspring from inter-specific crosses between introduced and indigenous Diadegma Foerster(Hymenoptera: Ichneumonidae): Possible effects on conservation genetics
Hymenoptera	"Other"	Aphelinidae	Encarsia suzannae	Encarsia gennaroi	Laboratory	Yes	Gebiola, M; Kelly, SE; Hammerstein, P; Giorgini, M; Hunter, MS.	2016	Darwin's corollary and cytoplasmic incompatibility induced by Cardinium may contribute to speciation in Encarsia wasps (Hymenoptera: Aphelinidae)
Hymenoptera	"Ant"	Formicidae	Formica aquilonia 	Formica lugubris	Field	Yes	Seifert, B.	2021	A taxonomic revision of the Palaearctic members of the Formica rufa group (Hymenoptera: Formicidae) - the famous mound-building red wood ants
Hymenoptera	"Ant"	Formicidae	Formica aquilonia 	Formica paralugubris	Field	Yes	Seifert, B.	2021	A taxonomic revision of the Palaearctic members of the Formica rufa group (Hymenoptera: Formicidae) - the famous mound-building red wood ants
Hymenoptera	"Ant"	Formicidae	Formica aquilonia 	Formica polyctena	Field	Yes	Beresford, J; Elias, M; Pluckrose, L; Sundstrom, L; Butlin, RK; Pamilo, P; Kulmuni, J.	2017	Widespread hybridization within mound-building wood ants in Southern Finland results in cytonuclear mismatches and potential for sex-specific hybrid breakdown
Hymenoptera	"Ant"	Formicidae	Formica bruni	Formica pressilabris	Field	Yes	Seifert, B.	1999	Interspecific hybridisations in natural populations of ants by example of a regional fauna (Hymenoptera, Formicidae)
Hymenoptera	"Ant"	Formicidae	Formica lugubris	Formica pratensis	Field	Yes	Seifert, B.	2021	A taxonomic revision of the Palaearctic members of the Formica rufa group (Hymenoptera: Formicidae) - the famous mound-building red wood ants
Hymenoptera	"Ant"	Formicidae	Formica lugubris	Formica rufa	Field	Yes	Seifert, B.	2021	A taxonomic revision of the Palaearctic members of the Formica rufa group (Hymenoptera: Formicidae) - the famous mound-building red wood ants
Hymenoptera	"Ant"	Formicidae	Formica polyctena	Formica rufa	Field	Yes	Seifert, B; Kulmuni, J; Pamilo, P.	2010	Independent hybrid populations of Formica polyctena X rufa wood ants (Hymenoptera: Formicidae) abound under conditions of forest fragmentation
Hymenoptera	"Ant"	Formicidae	Formica rufa	Formica polyctena	Field	Yes	Seifert, B.	1999	Interspecific hybridisations in natural populations of ants by example of a regional fauna (Hymenoptera, Formicidae)
Hymenoptera	"Ant"	Formicidae	Lasius claviger	Lasius latipes	Field	Yes	Umphrey, GJ.	2006	Sperm parasitism in ants: Selection for interspecific mating and hybridization
Hymenoptera	"Ant"	Formicidae	Lasius emarginatus	Lasius platythorax	Field	Yes	Seifert, B.	1999	Interspecific hybridisations in natural populations of ants by example of a regional fauna (Hymenoptera, Formicidae)
Hymenoptera	"Ant"	Formicidae	Lasius niger	Lasius psammophilus 	Field	Yes	van der Have, TM; Pedersen, JS; Boomsma, JJ. 	2011	Mating, hybridisation and introgression in Lasius ants (Hymenoptera: Formicidae)
Hymenoptera	"Ant"	Formicidae	Lasius umbratus	Lasius jensi	Field	Yes	Seifert, B.	1999	Interspecific hybridisations in natural populations of ants by example of a regional fauna (Hymenoptera, Formicidae)
Hymenoptera	"Ant"	Formicidae	Lasius umbratus	Lasius meridionalis	Field	Yes	Seifert, B.	1999	Interspecific hybridisations in natural populations of ants by example of a regional fauna (Hymenoptera, Formicidae)
Hymenoptera	"Ant"	Formicidae	Messor minor	Messor wasmanni	Field	Yes	Steiner, FM; Seifert, B; Grasso, DA; Le Moli, F; Arthofer, W; Stauffer, C; Crozier, RH; Schlick-Steiner, BC.	2011	Mixed colonies and hybridisation of Messor harvester ant species (Hymenoptera: Formicidae)
Hymenoptera	"Ant"	Formicidae	Myrmecia banksi	Myrmecia pilosula	Field	Yes	Taylor, RW.	2015	Ants with Attitude: Australian Jack-jumpers of the Myrmecia pilosula species complex, with descriptions of four new species (Hymenoptera: Formicidae: Myrmeciinae)
Hymenoptera	"Ant"	Formicidae	Myrmica scabrinodis 	Myrmica vandeli	Field	Yes	Yazdi, AB; Munch, W; Seifert, B.	2012	A first demonstration of interspecific hybridization in Myrmica ants by geometric morphometrics (Hymenoptera: Formicidae)
Hymenoptera	"Other"	Pteromalidae	Nasonia longicornis	Nasonia giraulti	Laboratory	No	Pietsch, C; Rutten, K; Gadau, J.	2004	Eleven microsatellite markers in Nasonia, ASHMEAD 1904 (Hymenoptera; Pteromalidae)
Hymenoptera	"Other"	Pteromalidae	Nasonia oneida	Nasonia giraulti	Laboratory	Yes	Raychoudhury, R; Desjardins, CA; Buellesbach, J; Loehlin, DW; Grillenberger, BK; Beukeboom, L; Schmitt, T; Werren, JH.	2010	Behavioral and genetic characteristics of a new species of Nasonia
Hymenoptera	"Other"	Pteromalidae	Nasonia oneida	Nasonia longicornis	Laboratory	Yes	Raychoudhury, R; Desjardins, CA; Buellesbach, J; Loehlin, DW; Grillenberger, BK; Beukeboom, L; Schmitt, T; Werren, JH.	2010	Behavioral and genetic characteristics of a new species of Nasonia
Hymenoptera	"Other"	Pteromalidae	Nasonia oneida	Nasonia vitripennis	Laboratory	Yes	Raychoudhury, R; Desjardins, CA; Buellesbach, J; Loehlin, DW; Grillenberger, BK; Beukeboom, L; Schmitt, T; Werren, JH.	2010	Behavioral and genetic characteristics of a new species of Nasonia
Hymenoptera	"Other"	Pteromalidae	Nasonia vitripennis	Nasonia giraulti	Laboratory	Yes	Gadau, J; Page, RE; Werren, JH.	2002	The genetic basis of the interspecific differences in wing size in Nasonia (Hymenoptera; Pteromalidae): Major quantitative trait loci and epistasis
Hymenoptera	"Other"	Pteromalidae	Nasonia vitripennis	Nasonia longicornis	Laboratory	Yes	Beukeboom, LW; van den Assem, J.	2001	Courtship and mating behaviour of interspecific Nasonia hybrids (Hymenoptera, Pteromalidae): A grandfather effect
Hymenoptera	"Ant"	Formicidae	Pogonomyrmex occidentalis	Pogonomyrmex maricopa 	Field	Yes	Anderson, KE; Novak, SJ; Smith, JF. 	2008	Populations composed entirely of hybrid colonies: bidirectional hybridization and polyandry in harvester ants
Hymenoptera	"Ant"	Formicidae	Pogonomyrmex rugosus	Pogonomyrmex barbatus	Field	Yes	Yamauchi, A; Yamamura, N.	2006	Persistence conditions of symmetric social hybridogenesis in haplo-diploid hymenoptera
Hymenoptera	"Ant"	Formicidae	Solenopsis geminata	Solenopsis xyloni	Field	Yes	Sanchez-Pena, SR; Chacon-Cardosa, MC; Resendez-Perez, D.	2009	IDENTIFICATION OF FIRE ANTS (HYMENOPTERA: FORMICIDAE) FROM NORTHEASTERN MEXICO WITH MORPHOLOGY AND MOLECULAR MARKERS
Hymenoptera	"Ant"	Formicidae	Solenopsis invicta	Solenopsis richteri	Field	Yes	Diffie, S; Bass, MH; Bondari, K.	1997	Winter survival of Solenopsis invicta and the Solenopsis hybrid (Hymenoptera: Formicidae) in Georgia
Hymenoptera	"Ant"	Formicidae	Temnothorax adlerzi	Temnothorax algeriana	Laboratory	Yes	JESSEN, K; KLINKICHT, M.	1990	HYBRIDIZATION IN THE SOCIAL PARASITIC ANT GENUS EPIMYRMA (HYMENOPTERA, FORMICIDAE)
Hymenoptera	"Ant"	Formicidae	Temnothorax adlerzi	Temnothorax kraussei	Laboratory	Yes	JESSEN, K; KLINKICHT, M.	1990	HYBRIDIZATION IN THE SOCIAL PARASITIC ANT GENUS EPIMYRMA (HYMENOPTERA, FORMICIDAE)
Hymenoptera	"Ant"	Formicidae	Temnothorax albipennis	Temnothorax nigriceps	Field	Yes	Seifert, B.	1999	Interspecific hybridisations in natural populations of ants by example of a regional fauna (Hymenoptera, Formicidae)
Hymenoptera	"Ant"	Formicidae	Temnothorax albipennis	Temnothorax tuberum	Field	Yes	Seifert, B.	1999	Interspecific hybridisations in natural populations of ants by example of a regional fauna (Hymenoptera, Formicidae)
Hymenoptera	"Ant"	Formicidae	Temnothorax albipennis	Temnothorax unifasciatus	Field	Yes	Seifert, B.	1999	Interspecific hybridisations in natural populations of ants by example of a regional fauna (Hymenoptera, Formicidae)
Hymenoptera	"Ant"	Formicidae	Temnothorax corsica	Temnothorax adlerzi	Laboratory	Yes	JESSEN, K; KLINKICHT, M.	1990	HYBRIDIZATION IN THE SOCIAL PARASITIC ANT GENUS EPIMYRMA (HYMENOPTERA, FORMICIDAE)
Hymenoptera	"Ant"	Formicidae	Temnothorax corsica	Temnothorax algeriana	Laboratory	Yes	JESSEN, K; KLINKICHT, M.	1990	HYBRIDIZATION IN THE SOCIAL PARASITIC ANT GENUS EPIMYRMA (HYMENOPTERA, FORMICIDAE)
Hymenoptera	"Ant"	Formicidae	Temnothorax corsica	Temnothorax kraussei	Laboratory	Yes	JESSEN, K; KLINKICHT, M.	1990	HYBRIDIZATION IN THE SOCIAL PARASITIC ANT GENUS EPIMYRMA (HYMENOPTERA, FORMICIDAE)
Hymenoptera	"Ant"	Formicidae	Temnothorax crassispinus	Temnothorax crasecundus	Field	Yes	Seifert, B; Csosz, S. 	2015	Temnothorax crasecundus sp n. - a cryptic Eurocaucasian ant species (Hymenoptera, Formicidae) discovered by Nest Centroid Clustering
Hymenoptera	"Ant"	Formicidae	Temnothorax kraussei	Temnothorax algeriana	Laboratory	Yes	JESSEN, K; KLINKICHT, M.	1990	HYBRIDIZATION IN THE SOCIAL PARASITIC ANT GENUS EPIMYRMA (HYMENOPTERA, FORMICIDAE)
Hymenoptera	"Ant"	Formicidae	Temnothorax kraussei	Temnothorax bernardi	Laboratory	Yes	JESSEN, K; KLINKICHT, M.	1990	HYBRIDIZATION IN THE SOCIAL PARASITIC ANT GENUS EPIMYRMA (HYMENOPTERA, FORMICIDAE)
Hymenoptera	"Ant"	Formicidae	Temnothorax nigriceps	Temnothorax unifasciatus	Field	Yes	Seifert, B.	1999	Interspecific hybridisations in natural populations of ants by example of a regional fauna (Hymenoptera, Formicidae)
Hymenoptera	"Ant"	Formicidae	Temnothorax nylanderi	Temnothorax crassispinus	Field	Yes	Seifert, B.	1999	Interspecific hybridisations in natural populations of ants by example of a regional fauna (Hymenoptera, Formicidae)
Hymenoptera	"Ant"	Formicidae	Temnothorax tuberum	Temnothorax nigriceps	Field	Yes	Seifert, B.	1999	Interspecific hybridisations in natural populations of ants by example of a regional fauna (Hymenoptera, Formicidae)
Hymenoptera	"Other"	Apidae	Tetragonula carbonaria	Tetragonula hockingsi	Field	Yes	Brito, RM; Francisco, FO; Ho, SYW; Oldroyd, BP.	2014	Genetic architecture of the Tetragonula carbonaria species complex of Australian stingless bees (Hymenoptera: Apidae: Meliponini)
Hymenoptera	"Ant"	Formicidae	Tetramorium immigrans	Tetramorium caespitum	Field	Yes	Cordonnier, M; Escarguel, G; Dumet, A; Kaufmann, B.	2020	Multiple mating in the context of interspecific hybridization between two Tetramorium ant species
Hymenoptera	"Other"	Torymidae	Torymus sinensis	Torymus beneficus	FIeld	Yes	Yara, K; Yano, E; Sasawaki, T; Shiga, M. 	2000	Detection of hybrids between introduced Torymus sinensis and native T-beneficus (Hymenoptera : Torymidae) in central Japan, using malic enzyme
Hymenoptera	"Other"	Trichogrammatidae	Trichogramma minutum	Trichogramma platneri	Laboratory	Yes	Pinto, JD; Platner, GR; Stouthamer, R.	2003	The systematics of the Trichogramma minutum species complex (Hymenoptera : Trichogrammatidae), a group of important North American biological control agents: the evidence from reproductive compatibility and allozymes
